source_row,index,valid,issues,x_mm,y_mm,z_mm,r11,r12,r13,r21,r22,r23,r31,r32,r33
0,0,True,,1047.10050816,-377.76928299,1087.56164789,-0.123978373452,-0.309375690949,0.942823443051,0.421178500906,0.843909925496,0.332302133643,-0.89846426378,0.438295242387,0.0256758098275
1,1,True,,1045.36609306,-376.335423889,1089.1471121,-0.137909711392,-0.303908714711,0.942666645547,0.417746438406,0.845113384486,0.333573500988,-0.898036093207,0.43979865903,0.0104074402234
2,2,True,,1043.50022243,-374.970586508,1090.8551473,-0.153099955853,-0.29800886787,0.94220545434,0.41381972406,0.846489064285,0.33497686491,-0.897392689683,0.441188144353,-0.00627549090262
3,3,True,,1041.73830305,-373.719777331,1092.49516859,-0.167624621662,-0.292268351164,0.941531304376,0.408804272061,0.848455916609,0.33615714289,-0.897095899755,0.441250233405,-0.0227415514742
4,4,True,,1040.35547209,-372.367621169,1093.8977312,-0.179012987264,-0.287512308465,0.940899050309,0.404301619651,0.85036825129,0.336770006898,-0.896936202156,0.440693214924,-0.0359852689555
5,5,True,,1039.12373622,-370.755854142,1095.26393066,-0.18944928879,-0.284443878298,0.939787554225,0.402586819143,0.850468542003,0.338566259566,-0.895562850966,0.442487219208,-0.0466073042319
6,6,True,,1037.93204044,-369.163999147,1096.61173583,-0.199551483088,-0.281024422018,0.938724922343,0.400425991705,0.850966955563,0.339873896773,-0.894336754676,0.443712198131,-0.057282235162
7,7,True,,1036.6771487,-367.638353866,1098.01278089,-0.210202160388,-0.276464439423,0.937753947207,0.397201733432,0.852303838046,0.340307141581,-0.893334111476,0.444010789719,-0.0693439534934
8,8,True,,1035.26718559,-366.224320519,1099.53922826,-0.222316250101,-0.270979776247,0.936560433611,0.392850579475,0.854271673873,0.340423749794,-0.892325000853,0.443610040557,-0.0834639129786
9,9,True,,1033.8178261,-364.945401767,1101.08250682,-0.234907160648,-0.264580708897,0.935315815303,0.386836757582,0.857310736278,0.339669875682,-0.891726386769,0.441605423361,-0.0990388873033
10,10,True,,1032.39350551,-363.663090681,1102.63462286,-0.247458717415,-0.258608817435,0.9337481795,0.380995520963,0.860113790743,0.339185318049,-0.890846000261,0.439688237867,-0.114313854364
11,11,True,,1031.1435621,-362.282704856,1104.07890211,-0.258622781803,-0.254058151939,0.931970338673,0.37639094172,0.862037275157,0.33944306626,-0.889631449378,0.438572903488,-0.127317291059
12,12,True,,1030.13714488,-360.779831644,1105.35057235,-0.267624056147,-0.250458900926,0.930401904296,0.372809435192,0.863497192235,0.339684742127,-0.888476499185,0.437770416941,-0.137719179665
13,13,True,,1029.20972022,-359.140019349,1106.6113004,-0.275973714959,-0.247780375973,0.928678304869,0.370844577953,0.863939016595,0.340710543727,-0.886742808065,0.438422468501,-0.146536450955
14,14,True,,1028.27005257,-357.621335905,1107.84362265,-0.284555320886,-0.243696405369,0.927167908939,0.366900931902,0.865830107063,0.340179264318,-0.885670353758,0.436978589536,-0.156964125717
15,15,True,,1027.09901709,-356.267642979,1109.2629459,-0.295499470028,-0.237939249696,0.92523779466,0.36098280598,0.868878547712,0.338735122349,-0.88451765217,0.434090984449,-0.17086117236
16,16,True,,1025.73213759,-355.100477334,1110.82872804,-0.308543846208,-0.231272080163,0.922666743686,0.35318546721,0.872796038304,0.33687846662,-0.883210462302,0.429814262743,-0.187613908929
17,17,True,,1024.58031066,-353.948238298,1112.1708473,-0.319683928993,-0.225130249358,0.920390436917,0.344821955702,0.877115744769,0.334313908094,-0.882553117047,0.424245614124,-0.202769954598
18,18,True,,1023.68203168,-352.550860102,1113.36276063,-0.328322962063,-0.221055831567,0.91833455337,0.33937559968,0.879701814214,0.333089958434,-0.881492050403,0.421021421543,-0.213805349974
19,19,True,,1022.93099492,-350.963032276,1114.49321377,-0.335447285278,-0.218497596402,0.916369968499,0.336346547674,0.880841810798,0.333149672396,-0.879969385074,0.419972028493,-0.221985081967
20,20,True,,1022.25905113,-349.375254179,1115.53367479,-0.34191288918,-0.215746857655,0.914630455225,0.332920886164,0.88235419496,0.332587970607,-0.878782828558,0.418215695603,-0.229861637041
21,21,True,,1021.51254048,-347.806458691,1116.66263794,-0.349176516661,-0.212802562495,0.912573739272,0.329394072909,0.883845713397,0.332138976397,-0.877254412896,0.416571511634,-0.238522264684
22,22,True,,1020.70212708,-346.560994754,1117.66908254,-0.357659424484,-0.207396089457,0.910530942997,0.320981694021,0.888319421623,0.328419483695,-0.876955237273,0.409726088069,-0.251145464969
23,23,True,,1019.7051015,-345.461983354,1118.83487528,-0.368216567613,-0.201161945642,0.907717153612,0.310967709229,0.893437810419,0.324141886725,-0.876193838801,0.401625136836,-0.266423734508
24,24,True,,1018.6746205,-344.29562948,1120.09466389,-0.379003955762,-0.196133608805,0.904371388874,0.302448299904,0.897357848977,0.32136259391,-0.874574769475,0.395323283373,-0.280781897959
25,25,True,,1018.00853373,-342.963645996,1120.99392428,-0.386013240349,-0.19246821969,0.902191644101,0.295359160903,0.900723567006,0.318527898169,-0.873931773279,0.389426553088,-0.29084397089
26,26,True,,1017.53179979,-341.339482138,1121.84087476,-0.390772476321,-0.19056894416,0.900544473789,0.292007202656,0.902137239216,0.317616427812,-0.872942532671,0.387081230675,-0.296882898653
27,27,True,,1017.10376657,-339.639799698,1122.67908632,-0.394945239068,-0.189134214648,0.899025309425,0.289636401205,0.903041428331,0.317217486614,-0.871853779733,0.385673991302,-0.301871759525
28,28,True,,1016.62932795,-338.29033751,1123.29850566,-0.400386581159,-0.185435500132,0.897387464209,0.281845998156,0.906915930362,0.313155438367,-0.871925122331,0.378308300921,-0.310852715128
29,29,True,,1015.67456638,-337.113471917,1124.47865174,-0.410789396522,-0.180982925154,0.893586734743,0.273148469802,0.910650943354,0.310007697992,-0.869851702964,0.371429724405,-0.324650542396
30,30,True,,1014.70208202,-336.329862172,1125.34582742,-0.422094625245,-0.175162726645,0.889468462922,0.25879622407,0.917044377969,0.303404224166,-0.868827164485,0.358256371931,-0.341748050798
31,31,True,,1014.27585928,-335.367155437,1125.5736168,-0.427676660055,-0.170543575684,0.887697900886,0.245406793358,0.92325094079,0.295606505516,-0.869981712577,0.344271098296,-0.353000326713
32,32,True,,1013.99383911,-333.694926918,1126.17767346,-0.430528472263,-0.169363099846,0.886544626616,0.242196040845,0.924535297797,0.294237252783,-0.8694747336,0.341395113523,-0.357019697066
33,33,True,,1013.80402048,-332.028052981,1126.63676474,-0.432497931583,-0.168166123729,0.885813577456,0.238590630795,0.926084982359,0.292303124078,-0.869494134582,0.337767316771,-0.360406977802
34,34,True,,1013.56563746,-330.525969052,1127.00326461,-0.435285288161,-0.166318901917,0.884796440304,0.232675292338,0.92861612007,0.28902302656,-0.869706229853,0.331677741809,-0.365514636291
35,35,True,,1013.08257364,-329.255857541,1127.52392887,-0.440864460402,-0.163689516399,0.882521540687,0.224192783027,0.931983232238,0.284859352778,-0.869123767707,0.323439325141,-0.37418027655
36,36,True,,1012.57943605,-328.526651511,1127.52596564,-0.447651367033,-0.159277765561,0.879908431026,0.20786200591,0.938518983751,0.275636542641,-0.869713539099,0.306288606608,-0.387021510216
37,37,True,,1012.14932101,-327.699000727,1127.52486764,-0.45342313797,-0.155548797463,0.877617245478,0.192957751753,0.94417086504,0.267036858219,-0.870157896012,0.290423740795,-0.39809457016
38,38,True,,1011.84986845,-326.275707057,1127.88623587,-0.456810512142,-0.15401709758,0.876129493653,0.186340755912,0.946479288573,0.263541417975,-0.86982830414,0.28364712224,-0.403662026159
39,39,True,,1011.83122294,-324.753215901,1127.90264774,-0.457310500711,-0.152740864988,0.876092080835,0.180281775852,0.948762428538,0.259515578511,-0.870841884176,0.276622635294,-0.406342626865
40,40,True,,1011.85876084,-323.109636519,1127.95839826,-0.457123766467,-0.151915182122,0.876333064293,0.175868987589,0.950410463579,0.256495711317,-0.871841706582,0.271370094448,-0.407738041521
41,41,True,,1011.82794734,-321.897129595,1127.63574915,-0.458186164425,-0.150030081797,0.876102969568,0.165617242769,0.95398126096,0.249981364576,-0.873290540214,0.259635760815,-0.412253446412
42,42,True,,1011.61138526,-321.408672907,1126.82217802,-0.462102448169,-0.146605505425,0.87462457842,0.146054648936,0.960192192309,0.238115504225,-0.874716735247,0.237776743201,-0.422294747152
43,43,True,,1011.17418174,-320.805244345,1126.49249092,-0.467745127546,-0.143950906382,0.872062286886,0.129067998179,0.964947703587,0.228511227707,-0.874388899462,0.219440347005,-0.432770131367
44,44,True,,1010.97466807,-319.64652291,1126.37063581,-0.470285662469,-0.142521536923,0.870929966868,0.119040377171,0.967609842048,0.222622061296,-0.874448846005,0.208371795322,-0.438087218069
45,45,True,,1011.17082698,-318.230070475,1125.91013517,-0.468773119701,-0.141320657507,0.871940499121,0.111443217666,0.969769110125,0.217090493306,-0.876260333167,0.19893804264,-0.438852462348
46,46,True,,1011.47103427,-316.551854159,1125.57118192,-0.465930492089,-0.140575664699,0.873583000657,0.107108654941,0.971077678036,0.213391375779,-0.878314586341,0.192993848904,-0.43739783002
47,47,True,,1011.72121782,-315.624303559,1124.46107198,-0.464410157852,-0.138763458915,0.874681603645,0.093310195674,0.974484620052,0.204139493155,-0.880690872365,0.176421165828,-0.439612510718
48,48,True,,1011.66516547,-315.370087426,1123.09748767,-0.46635952112,-0.136411575943,0.874014118312,0.072107972735,0.978888052947,0.191255379182,-0.881651426205,0.15221715326,-0.446677401404
49,49,True,,1011.42067968,-314.928225925,1122.23544984,-0.469669131048,-0.134775719682,0.872494362575,0.054093874834,0.982028458466,0.180814710321,-0.881183726612,0.13211968872,-0.453937911841
50,50,True,,1011.56461034,-314.040609188,1121.29811701,-0.469078428381,-0.133227095076,0.873049809097,0.0408815004686,0.984220868065,0.172156863892,-0.882209799848,0.116446657329,-0.456230254422
51,51,True,,1012.08976878,-312.704323817,1120.30217912,-0.464729857072,-0.131661967555,0.875609094428,0.032418463453,0.985690157498,0.165420544789,-0.884858860595,0.105261767563,-0.453811367329
52,52,True,,1012.72021103,-311.080062831,1119.48505833,-0.459237818021,-0.130246081707,0.878713027501,0.0272792378648,0.986658322015,0.160502955671,-0.887894402326,0.0976796488403,-0.44955780109
53,53,True,,1013.24669646,-310.708230265,1117.44284267,-0.455615541685,-0.12793676775,0.880935106369,0.00803816703555,0.988986663488,0.147786221665,-0.890140363115,0.0744148029701,-0.449569317295
54,54,True,,1013.40284979,-310.879557431,1115.41865874,-0.455509912065,-0.125851532622,0.881290027033,-0.0159940548988,0.990954043513,0.133245164466,-0.890087023958,0.0465990920747,-0.453402265542
55,55,True,,1013.48702506,-310.58849986,1113.99923334,-0.455639864209,-0.124351566106,0.881435761783,-0.0343095030162,0.991912080889,0.122201807633,-0.889502766801,0.0254383921086,-0.456221126276
56,56,True,,1014.11358973,-309.877692833,1112.35753083,-0.45122518725,-0.121907618683,0.884044321795,-0.0486711110662,0.992512961973,0.112022958645,-0.891081900467,0.00752016111753,-0.453780226363
57,57,True,,1015.07781055,-308.555856629,1110.92990758,-0.443751269273,-0.119166590538,0.888191496648,-0.0568188303568,0.992866414315,0.104823202784,-0.894346930188,-0.00395057268795,-0.447356637862
58,58,True,,1016.11819016,-307.044651683,1109.6452791,-0.435683752382,-0.116304082547,0.892554215884,-0.0629548145385,0.993125962796,0.0986788394032,-0.897895516882,-0.0131978180947,-0.440010748006
59,59,True,,1016.96898593,-307.708036227,1106.40697706,-0.430397141279,-0.112664677086,0.895580801109,-0.0906668001213,0.992557885085,0.0812919190998,-0.898074513687,-0.0462116358971,-0.437409022053
60,60,True,,1017.41623319,-308.686453215,1103.54165959,-0.428454271732,-0.109758795976,0.896872311837,-0.119806047212,0.990731571164,0.0640114439043,-0.895585533651,-0.0800247499549,-0.437632941298
61,61,True,,1017.95497372,-308.285520628,1101.9125063,-0.425183915601,-0.107293678186,0.898725043901,-0.135226655035,0.989334661337,0.054135751997,-0.894948260897,-0.0985139304752,-0.435158150355
62,62,True,,1019.17554533,-307.606738354,1099.87064455,-0.417167372126,-0.10281757376,0.902994977926,-0.148523997115,0.987935079622,0.0438736906776,-0.896611401843,-0.115813751251,-0.427405158025
63,63,True,,1020.61221193,-306.350641794,1098.15751616,-0.407332112534,-0.0980773619256,0.907998557915,-0.156432532046,0.987016347565,0.0364361435496,-0.899782981066,-0.127198902185,-0.417385944022
64,64,True,,1021.92992263,-305.553249828,1096.21403367,-0.398740284171,-0.0933851839023,0.912296768166,-0.168173140224,0.985377651292,0.0273620036014,-0.901512052435,-0.142513479228,-0.408614644319
65,65,True,,1023.01895593,-307.371421379,1092.23122622,-0.393224647512,-0.0881563396721,0.91520644467,-0.202204922672,0.979314875279,0.00745280519803,-0.896932297242,-0.182128621677,-0.402916392481
66,66,True,,1024.02767555,-309.10020874,1088.69205468,-0.38855516627,-0.0829491128565,0.917684219893,-0.233903387102,0.972195790044,-0.0111602563687,-0.891243001805,-0.218985822592,-0.397153775302
67,67,True,,1025.36568959,-308.250966107,1087.02930728,-0.38075029534,-0.0775930756163,0.921416587226,-0.243977714305,0.969591404692,-0.01916723428,-0.891910358456,-0.232103042987,-0.38810319493
68,68,True,,1027.16746059,-307.485398014,1084.95580126,-0.370386935147,-0.0704662958099,0.926200852638,-0.254869537447,0.966558736411,-0.0283853474385,-0.893227315499,-0.246573944736,-0.375960440238
69,69,True,,1028.89438705,-306.873027624,1082.87419287,-0.36060084347,-0.0636056491676,0.930548952545,-0.266633752011,0.96306827357,-0.0374959028692,-0.893797221957,-0.261636812848,-0.364242644655
70,70,True,,1030.19423478,-307.391854048,1080.33188275,-0.354121286412,-0.0577344236913,0.933415690264,-0.286543109813,0.956786227628,-0.0495293937029,-0.890219726095,-0.285003247249,-0.355361771057
71,71,True,,1031.53307928,-309.907408992,1076.37122818,-0.348787604809,-0.0507688579731,0.935825694129,-0.320657826051,0.944732381483,-0.0682589625547,-0.880639407093,-0.323887712698,-0.345790376152
72,72,True,,1033.43025376,-311.431646978,1072.96220277,-0.340445689505,-0.0416985849358,0.939339108369,-0.346571329793,0.934242724496,-0.0841358727979,-0.874062380991,-0.35419169914,-0.332510442538
73,73,True,,1035.70241822,-310.40426287,1071.15146185,-0.329036537504,-0.0320617227609,0.943772749618,-0.354156351705,0.930664094771,-0.0918565253604,-0.875390333243,-0.364467266894,-0.317577354085
74,74,True,,1038.03859373,-310.170341067,1068.82119222,-0.317909629221,-0.0218588194537,0.947869009758,-0.367044795406,0.924618050881,-0.101782012899,-0.87419196165,-0.380267868741,-0.301968147641
75,75,True,,1040.08796345,-310.835735843,1066.16780054,-0.309004864582,-0.0123881009373,0.950979772982,-0.385495390129,0.915723373082,-0.113331408626,-0.869430444518,-0.401618275166,-0.287738532697
76,76,True,,1041.81138506,-312.388961649,1063.2534863,-0.302662920239,-0.00369174992292,0.953090513904,-0.409069475086,0.903705891637,-0.126403425485,-0.860846862842,-0.428137866117,-0.275028446403
77,77,True,,1043.74472924,-314.374610791,1060.0890027,-0.296108030137,0.00629265182227,0.955133727298,-0.434628280362,0.889566780571,-0.140602990057,-0.850540000469,-0.456761803829,-0.260672902629
78,78,True,,1046.12404006,-315.027777306,1057.62276986,-0.28708798861,0.0177856857272,0.957739085649,-0.451325767442,0.87938443107,-0.151618185039,-0.844917474336,-0.475780087619,-0.244433569271
79,79,True,,1048.7285437,-314.180928893,1056.00160523,-0.276274445771,0.0296182657103,0.960622292553,-0.458688438847,0.874278996955,-0.158874640995,-0.844557485718,-0.484519343081,-0.227955389273
80,80,True,,1051.23061152,-315.301683218,1053.34027584,-0.267369262869,0.0417662116688,0.962688558588,-0.477437991989,0.862063140169,-0.170000312259,-0.836998590846,-0.505076950499,-0.210548410101
81,81,True,,1053.3471766,-317.525268073,1050.40715136,-0.26131610316,0.0528706493155,0.963804227357,-0.501723220803,0.845575408421,-0.18241720966,-0.824613669506,-0.531231515551,-0.194436038196
82,82,True,,1055.30673825,-319.32824432,1047.9083594,-0.256123238812,0.0633011576988,0.964569256184,-0.522827925498,0.83022972839,-0.193312075196,-0.813050949732,-0.55381545801,-0.179545514032
83,83,True,,1057.59641972,-320.500467159,1045.71398476,-0.24964827021,0.075112482644,0.965419005475,-0.539942013545,0.81681258084,-0.203174382713,-0.803827321749,-0.571992414926,-0.163359462771
84,84,True,,1060.21910522,-320.435536792,1044.08047837,-0.241136212604,0.0878734827818,0.966504825645,-0.550197164093,0.808006517655,-0.21073335771,-0.799460072546,-0.582583657899,-0.146491890401
85,85,True,,1062.91658587,-319.714715183,1042.81766432,-0.232005235804,0.100678525279,0.967490260988,-0.556877689892,0.801754648249,-0.216971709012,-0.797534205574,-0.589112314044,-0.129945651645
86,86,True,,1065.31709663,-322.596192654,1039.91999071,-0.226883690621,0.113522034554,0.967283070565,-0.581483869891,0.780943192899,-0.228044378403,-0.781281191369,-0.61419905335,-0.1111720418
87,87,True,,1067.26014266,-326.26425142,1037.06911332,-0.224551247219,0.124813194817,0.966435928436,-0.608678221398,0.756523491072,-0.23912973519,-0.760978028703,-0.641945382299,-0.0939072200426
88,88,True,,1069.27180015,-327.33272996,1035.47376791,-0.22039253551,0.13551086836,0.965952346054,-0.622825166949,0.7425867298,-0.246279841115,-0.750676988929,-0.655897669824,-0.0792609930069
89,89,True,,1071.66799885,-327.637379845,1034.16293219,-0.21470458386,0.147773765847,0.965435060373,-0.633156858471,0.731580990352,-0.25278775114,-0.743649335534,-0.665546518797,-0.0635098187455
90,90,True,,1074.27973156,-327.152379793,1033.15602518,-0.207585610871,0.160572066001,0.964948094863,-0.639782021605,0.723922857173,-0.258098162902,-0.739991337105,-0.670933907686,-0.0475448475302
91,91,True,,1076.81953752,-326.602123369,1032.25962895,-0.200805740478,0.173006131639,0.964233339502,-0.645998529242,0.716564073892,-0.263100414718,-0.736452954919,-0.675725392761,-0.0321284728696
92,92,True,,1078.85298666,-331.248480755,1029.34324222,-0.200068974845,0.184908366539,0.962175296548,-0.674260033959,0.686524133057,-0.272136034615,-0.710876790949,-0.703202325589,-0.0126758580054
93,93,True,,1080.42963219,-336.003993312,1026.84370061,-0.201261863107,0.194888448277,0.959954246403,-0.701284173392,0.655541836072,-0.280116777987,-0.68388169343,-0.729577544807,0.00473661308156
94,94,True,,1082.37371611,-335.644660863,1026.22109671,-0.197481202423,0.204860790783,0.958662209065,-0.707402345578,0.647230769018,-0.284032133933,-0.678662726367,-0.734250902646,0.0171030934059
95,95,True,,1084.64064695,-335.337958142,1025.54267779,-0.193052739342,0.216382678529,0.957031439539,-0.713596514576,0.638482155636,-0.288306349774,-0.673431996729,-0.738592630188,0.0311491960467
96,96,True,,1086.98399951,-334.666032864,1024.99778932,-0.187938290733,0.22798960661,0.955353305408,-0.718328854102,0.631456494259,-0.292004029465,-0.669837932818,-0.741136583321,0.0450966586601
97,97,True,,1089.06979234,-335.273633037,1024.07349226,-0.184670868782,0.238749171626,0.953360112062,-0.727781725691,0.618684112356,-0.295911690997,-0.660477425787,-0.74848433662,0.0595043516028
98,98,True,,1090.59440008,-340.346622322,1021.7476276,-0.186792095229,0.248167953856,0.950537416327,-0.752940900907,0.585329702313,-0.300780882591,-0.631021959128,-0.771881989859,0.077520841258
99,99,True,,1091.92013735,-344.402673756,1020.06598028,-0.188925172361,0.256438335409,0.947917010809,-0.773131836621,0.556320221198,-0.304589846661,-0.605453914391,-0.790409508811,0.0931577475565
100,100,True,,1093.68811935,-343.726270066,1019.81782861,-0.18632468505,0.265495707712,0.945936118841,-0.777096845841,0.549295103907,-0.307238313053,-0.601168532048,-0.792330056233,0.103968639812
101,101,True,,1095.64801811,-343.10912436,1019.53996245,-0.183391084838,0.275446415179,0.943661476573,-0.781180719721,0.541905557798,-0.309992015322,-0.596761588189,-0.794019923423,0.115792780729
102,102,True,,1097.59749293,-342.371002953,1019.31404108,-0.180242947402,0.285214994839,0.941363312771,-0.784846230112,0.535172136922,-0.31242147644,-0.592898705506,-0.795137214939,0.127388910144
103,103,True,,1099.18064522,-343.995923918,1018.41893001,-0.17981426216,0.293744958413,0.938818795365,-0.795931672191,0.517386672009,-0.314330725242,-0.578065397967,-0.803756761113,0.140767413269
104,104,True,,1100.22473484,-349.086310683,1016.67577023,-0.183461317655,0.300466073503,0.935981882089,-0.816886290426,0.483065480562,-0.315189673059,-0.546844341141,-0.822415880296,0.156822786605
105,105,True,,1101.26386031,-352.071073158,1015.70553196,-0.185708127118,0.306739431837,0.933500622645,-0.830613170525,0.45856002988,-0.315918438759,-0.524970715825,-0.834046533446,0.169623487683
106,106,True,,1102.68035787,-351.495486007,1015.63963746,-0.184596767945,0.314081980054,0.931276834819,-0.83411775108,0.451069102019,-0.317465340686,-0.519780348414,-0.835397614917,0.178715456505
107,107,True,,1104.20670056,-350.875896585,1015.58095882,-0.183217315121,0.321896397815,0.928877884608,-0.837449619665,0.44377460819,-0.318970581163,-0.514887900384,-0.836329364664,0.18826482369
108,108,True,,1105.68563405,-350.05237613,1015.58948986,-0.181665743946,0.329388791192,0.926553064705,-0.840217295524,0.437551111062,-0.320287248437,-0.510913352516,-0.836691131449,0.197270111206
109,109,True,,1106.731063,-352.361501106,1014.81525856,-0.183111751474,0.335246950848,0.924164254026,-0.851182744304,0.416295507288,-0.319665428864,-0.491892287265,-0.845167162494,0.209127820172
110,110,True,,1107.39569855,-356.842857986,1013.6615846,-0.186861336535,0.339588233528,0.921825727867,-0.866890764239,0.384436465642,-0.317346824094,-0.462150672169,-0.858422061421,0.222549591507
111,111,True,,1108.21069936,-358.869208445,1013.1717552,-0.188818903214,0.34429872476,0.919677013912,-0.875923476462,0.364351168686,-0.316237710053,-0.443965635125,-0.865278344815,0.232782947877
112,112,True,,1109.19940852,-358.893651584,1013.12909998,-0.189214937439,0.34956888597,0.917605199098,-0.880116846752,0.354005256469,-0.31634571983,-0.435421684707,-0.86745712998,0.240678383187
113,113,True,,1110.25323464,-358.374125657,1013.20079578,-0.189050442333,0.355044328525,0.915534518757,-0.883039481767,0.346363369715,-0.316660211835,-0.429536033289,-0.8683178801,0.248038011612
114,114,True,,1111.27013759,-357.457569758,1013.3679749,-0.188600723896,0.360269051192,0.91358413827,-0.885073432707,0.340738448069,-0.317084103549,-0.425528830589,-0.868391340791,0.254601047871
115,115,True,,1111.87734526,-359.867243257,1012.81717278,-0.190672176829,0.363776601706,0.911762416989,-0.894187789181,0.318887761484,-0.314227295529,-0.40505841389,-0.875201222363,0.264481571589
116,116,True,,1112.3353228,-363.221615881,1012.19160889,-0.193580898719,0.366636905572,0.91000209622,-0.904602825845,0.292337119832,-0.31021401619,-0.379763298811,-0.883241975815,0.275069898453
117,117,True,,1112.9079359,-365.025346348,1011.90808786,-0.19555594456,0.369899954646,0.908257615493,-0.911447922416,0.27328003661,-0.307539763794,-0.361967619093,-0.887970745657,0.283703009475
118,118,True,,1113.37159111,-366.120411949,1011.81097718,-0.197240705681,0.372575718154,0.906798455151,-0.916702542446,0.257770090702,-0.305304813281,-0.347494680097,-0.891482986142,0.290698353492
119,119,True,,1113.96756964,-365.517118611,1012.00632848,-0.197679672635,0.375752015316,0.905391169613,-0.918866487868,0.250716279833,-0.304673143713,-0.341477853602,-0.892161291479,0.295704422501
120,120,True,,1114.57935932,-364.502693818,1012.27906025,-0.197853745275,0.378973200962,0.904009517889,-0.920295329554,0.245722959413,-0.304428536142,-0.337506150879,-0.89218806323,0.300150059051
121,121,True,,1114.92064607,-366.199334668,1012.04851962,-0.199500989323,0.380958693301,0.902812178284,-0.926246548098,0.227364791274,-0.300620331689,-0.319791631215,-0.896200717299,0.307502173842
122,122,True,,1115.34391185,-368.05750156,1011.85740174,-0.201260632492,0.383346140824,0.901409947873,-0.932043876299,0.208125610504,-0.296610759931,-0.301311085861,-0.899849691097,0.31540793105
123,123,True,,1115.59099772,-370.80456793,1011.53975233,-0.203637900492,0.384864033052,0.900228460751,-0.938729944756,0.184393578493,-0.291178809375,-0.278060598254,-0.904366454637,0.323733871297
124,124,True,,1115.45166923,-373.396261,1011.37992927,-0.206027334799,0.384497542028,0.899841306837,-0.944694563557,0.1616251717,-0.285358520915,-0.255156655609,-0.908866846159,0.329933534293
125,125,True,,1115.65295772,-372.287780388,1011.72478685,-0.206431634568,0.385691337548,0.899237550589,-0.945671044005,0.157281134693,-0.28455038429,-0.251181720632,-0.909123114221,0.332269328122
126,126,True,,1115.94373651,-371.356795436,1012.04034287,-0.206897396251,0.387319141347,0.898430492676,-0.946827771127,0.152001344685,-0.283571442564,-0.246395290637,-0.909329134011,0.335275836874
127,127,True,,1116.26951588,-371.147948375,1012.23129818,-0.207538078059,0.389107981271,0.897509289683,-0.948842638228,0.143113156807,-0.281453854529,-0.237961328867,-0.910007474288,0.339500813996
128,128,True,,1116.66694972,-372.003735716,1012.26864604,-0.208638104939,0.391237335334,0.89632777967,-0.951957255437,0.128822676586,-0.27781666944,-0.224159597139,-0.911228876539,0.345563900853
129,129,True,,1116.45435927,-376.493491967,1011.85781993,-0.211132924933,0.390372410499,0.896120677772,-0.958598903848,0.0965240736095,-0.267901557957,-0.19107859522,-0.915583138953,0.353831154809
130,130,True,,1115.82637531,-380.014722933,1011.7648988,-0.213012834267,0.387494330988,0.896924565329,-0.963448655762,0.0693332032793,-0.258765520565,-0.162456825488,-0.919261143732,0.358562030166
131,131,True,,1115.5963103,-379.269391147,1012.12489323,-0.213375876309,0.386567561789,0.897238126465,-0.96441941922,0.0633919961301,-0.256664447591,-0.156095865544,-0.92007987425,0.359286940705
132,132,True,,1115.50808625,-378.477327162,1012.48339073,-0.213740358784,0.386328702558,0.89725425193,-0.965287643318,0.0576167757182,-0.254754926966,-0.150116037401,-0.920559851794,0.360603292524
133,133,True,,1115.451275,-377.376335443,1012.86578423,-0.213930170276,0.386246832842,0.897244262375,-0.96591398918,0.0534072998822,-0.253293951421,-0.145753379903,-0.920848002896,0.361655786361
134,134,True,,1115.17928389,-377.935845741,1013.05499468,-0.21438910365,0.385094708638,0.897629866713,-0.967715130135,0.0409523207035,-0.248697274484,-0.132532030631,-0.921967989036,0.363882244756
135,135,True,,1114.77096186,-380.960881132,1013.00692392,-0.215263372329,0.383238926222,0.898214676991,-0.970752173466,0.0161536452628,-0.239539719994,-0.10631038634,-0.923507977861,0.368552732432
136,136,True,,1114.58702464,-383.481852505,1013.08175157,-0.216115579574,0.382474228195,0.89833597336,-0.972841948123,-0.00623176963692,-0.231386492732,-0.0829011473799,-0.923945144375,0.373433755771
137,137,True,,1114.35192327,-384.707476897,1013.3045332,-0.216617348088,0.38147935517,0.898638095168,-0.974013420696,-0.0220861606904,-0.225410864445,-0.0661421258442,-0.924113468728,0.376350257212
138,138,True,,1113.98529349,-384.837440573,1013.64553367,-0.216717909785,0.379873552688,0.899293851612,-0.974686107464,-0.032337147858,-0.221226808466,-0.0549576154346,-0.924473035213,0.377265513491
139,139,True,,1113.72502423,-383.548681632,1014.08656575,-0.216607063362,0.378810054235,0.899769038649,-0.974909938299,-0.0354989806882,-0.219750846588,-0.0513029463876,-0.924793363504,0.376995016561
140,140,True,,1113.44713387,-383.22455653,1014.43453133,-0.216540878597,0.377651660954,0.900271776118,-0.975346126366,-0.0434995394801,-0.216350927543,-0.0425438794675,-0.924925409449,0.377760513125
141,141,True,,1113.36050386,-383.535046884,1014.71964403,-0.216701974013,0.377409584082,0.900334526885,-0.975756973512,-0.0547928107104,-0.211886942819,-0.030636303654,-0.924424011878,0.380133743781
142,142,True,,1113.16153612,-386.255550096,1014.81769647,-0.216948161932,0.37659287434,0.900617178401,-0.976165582177,-0.0781618166835,-0.202463543844,-0.00585245312495,-0.923075585968,0.384574064886
143,143,True,,1112.42813988,-390.145266615,1014.98586187,-0.216479068717,0.373216275892,0.902134371486,-0.975950216639,-0.10700597521,-0.189923394852,0.0256512660595,-0.921552674935,0.38740505917
144,144,True,,1111.6747601,-391.05425769,1015.38392608,-0.215590007796,0.369796453814,0.903754132099,-0.975603658881,-0.120861346427,-0.183275845974,0.0414541833341,-0.921218279067,0.386831272
145,145,True,,1111.12356174,-390.171881543,1015.85464681,-0.214847688836,0.367361262047,0.904923297163,-0.975487400353,-0.125867236575,-0.18050421189,0.0475899396415,-0.921522187418,0.385398567383
146,146,True,,1110.65243699,-389.162532756,1016.31806374,-0.21416698467,0.365316038442,0.905912078921,-0.975359242766,-0.130281421966,-0.178048023414,0.0529797152518,-0.92172172761,0.384216353926
147,147,True,,1110.13776794,-388.033838164,1016.79208556,-0.21338118915,0.363066854682,0.907001062374,-0.975258786598,-0.134067594073,-0.175773090609,0.0577820671089,-0.922067426629,0.382691642801
148,148,True,,1109.37484687,-390.205040269,1017.07377003,-0.211941428746,0.359680653661,0.908686226463,-0.973968050846,-0.15425037968,-0.166111577861,0.0804180745362,-0.920237277962,0.383009511028
149,149,True,,1108.94602882,-393.012461379,1017.38984882,-0.210878011328,0.357922561795,0.90962734353,-0.971745002782,-0.17769406786,-0.15535915749,0.106028835262,-0.916687655642,0.385281232462
150,150,True,,1108.70245143,-394.793486947,1017.75551239,-0.210170984489,0.357043550021,0.910136286865,-0.969508700104,-0.196110027768,-0.14694807733,0.126019989291,-0.913269270477,0.387373465665
151,151,True,,1108.08078118,-396.12705444,1018.22544243,-0.20866181905,0.354392195865,0.91151874187,-0.967331240358,-0.212004284484,-0.139012426739,0.143980959499,-0.910747141017,0.387051842046
152,152,True,,1107.50781153,-395.099018474,1018.73785908,-0.20743222081,0.351925378846,0.912754294152,-0.966778526279,-0.216216221679,-0.136344514409,0.149369189916,-0.910713496774,0.385084110159
153,153,True,,1106.97575105,-393.747687314,1019.25512748,-0.206304617966,0.349643284473,0.913886195447,-0.966452782143,-0.218847545102,-0.134442448245,0.152994851199,-0.910963954076,0.383062984222
154,154,True,,1106.43314259,-393.517795798,1019.72167188,-0.204945435706,0.347365589575,0.915059842613,-0.965168684412,-0.227059714635,-0.12997421521,0.162624656842,-0.90982472662,0.381801241248
155,155,True,,1106.13478832,-393.659643795,1020.16425337,-0.204017330261,0.346261633102,0.91568543201,-0.963383507221,-0.237242661419,-0.124932532262,0.173980306264,-0.907644644696,0.38198436092
156,156,True,,1105.52830001,-397.655697146,1020.53863556,-0.201594703537,0.343949487947,0.917092321005,-0.957523241995,-0.266298649805,-0.110608635069,0.206176663435,-0.900435327413,0.383024026141
157,157,True,,1104.73113051,-401.424597605,1021.12268664,-0.198468854602,0.340813621316,0.918942973899,-0.950986823229,-0.293814727274,-0.0964207865629,0.237137461818,-0.893039182546,0.382422335436
158,158,True,,1104.15837912,-400.901213749,1021.67251527,-0.196726558886,0.338477936961,0.92018006239,-0.949315536254,-0.300421794698,-0.0924486770951,0.24515030829,-0.891728339497,0.380423310121
159,159,True,,1103.53012111,-400.29748638,1022.23801167,-0.194804769224,0.335891783099,0.921535572799,-0.94771092858,-0.306587498281,-0.0885895126232,0.252774796483,-0.89060699298,0.378053020513
160,160,True,,1102.92897819,-398.915404019,1022.78880757,-0.193135747112,0.33337099467,0.922801367089,-0.947116568608,-0.308982766083,-0.0866017074374,0.2562592216,-0.890726349771,0.375416809917
161,161,True,,1102.28547238,-398.287864614,1023.33764548,-0.191126771749,0.330726611225,0.924170149782,-0.945455531289,-0.315057279249,-0.0827813333269,0.263788543109,-0.889583508964,0.372903184626
162,162,True,,1101.726702,-399.69711349,1023.86192481,-0.188725151454,0.32868998116,0.925389492859,-0.940655836655,-0.331146876477,-0.0742182131724,0.282045056995,-0.884479871159,0.371679893644
163,163,True,,1101.54411649,-401.656644266,1024.38419863,-0.18717421715,0.328458271519,0.925786679697,-0.934493379941,-0.350043484973,-0.0647431963608,0.302800157333,-0.877259780509,0.372461195589
164,164,True,,1101.15658749,-404.180448497,1024.98026457,-0.184753804553,0.327407233473,0.926644772916,-0.926918568835,-0.37141820912,-0.0535768670418,0.326631288231,-0.868822776752,0.372100771493
165,165,True,,1100.40893175,-405.575014497,1025.67242469,-0.181384987269,0.32467036971,0.928271855345,-0.921014682151,-0.386963441275,-0.0446234285946,0.344719366524,-0.863046027827,0.369215536232
166,166,True,,1099.73080293,-404.399913369,1026.2702636,-0.179012359795,0.321949748189,0.929678941722,-0.919762620418,-0.390224899207,-0.0419672505685,0.349272525576,-0.862596596144,0.365972424096
167,167,True,,1099.08696878,-403.316130549,1026.86409238,-0.176712435455,0.319392635197,0.931000032083,-0.918294237293,-0.393958298653,-0.0391478310589,0.354271659761,-0.861849872951,0.362913746757
168,168,True,,1098.4079659,-402.251159552,1027.46016543,-0.174283579181,0.316679635502,0.932383634823,-0.916765203164,-0.39777719976,-0.0362610206595,0.359397824557,-0.86109657287,0.35964690447
169,169,True,,1097.63488977,-403.271576927,1028.09731884,-0.170753526195,0.313878548687,0.933982596179,-0.910938500142,-0.411575539068,-0.0282245389539,0.375545313179,-0.855620144874,0.356202028959
170,170,True,,1097.13038633,-406.204671147,1028.79127266,-0.16730696854,0.312633604038,0.935023319444,-0.90051616476,-0.434533847243,-0.0158421149493,0.401346502768,-0.844654109814,0.354232154793
171,171,True,,1097.00842915,-408.226156158,1029.45881874,-0.165489912873,0.312966168565,0.935235406767,-0.891392845249,-0.453190764612,-0.00607670221361,0.421938246876,-0.834667783136,0.353974303614
172,172,True,,1096.67964178,-409.054933922,1030.13267641,-0.163297886454,0.312239421193,0.93586342173,-0.884794650077,-0.465979889499,0.00108156239243,0.436431240259,-0.827870331897,0.3523613005
173,173,True,,1096.11711296,-408.590984487,1030.78770278,-0.160657865301,0.31030676396,0.936962519292,-0.881300560688,-0.472525541249,0.0053790890468,0.444407889274,-0.824881400632,0.34938846982
174,174,True,,1095.54066258,-407.095458385,1031.38650643,-0.158362570057,0.30812494338,0.938072660124,-0.880360390763,-0.474251387575,0.00715568012212,0.447087104243,-0.824708821736,0.346364664148
175,175,True,,1094.96179056,-406.278960884,1032.00683242,-0.15582722387,0.306044524116,0.939177632591,-0.877643428101,-0.479198292564,0.0105361053258,0.453276835293,-0.822621265019,0.34327010491
176,176,True,,1094.49026318,-405.721725885,1032.62146311,-0.153601440331,0.304476824293,0.940053435182,-0.874158289409,-0.485427797338,0.0143923114579,0.460710193707,-0.819544823082,0.340723348736
177,177,True,,1093.98900159,-408.308047576,1033.3599429,-0.150004755235,0.303445329756,0.940967324223,-0.861961791815,-0.506312919139,0.0258669163933,0.484273107717,-0.807197720365,0.337507625662
178,178,True,,1093.61488904,-411.795439134,1034.25022401,-0.146409679207,0.303224430275,0.941604561756,-0.846423523628,-0.531050424629,0.0394038722782,0.511987719076,-0.791227142725,0.334407213036
179,179,True,,1093.37748443,-412.49960127,1034.96508008,-0.144444071446,0.303031622429,0.941970140733,-0.838508242383,-0.542936666175,0.0460836628246,0.525394934959,-0.783193215197,0.332518495709
180,180,True,,1092.91335537,-412.185496706,1035.65908338,-0.141834824779,0.301725339006,0.942785607804,-0.8336369072,-0.549989918977,0.0506023317458,0.533790585749,-0.778763705386,0.329537102221
181,181,True,,1092.37317674,-410.752184996,1036.27859755,-0.139341383305,0.299857064458,0.943752997237,-0.832229975185,-0.551940127338,0.052491563487,0.536635115607,-0.778105286403,0.326458138158
182,182,True,,1091.8662903,-409.048821043,1036.87231243,-0.137109906274,0.298054835723,0.944650299584,-0.831652591979,-0.55269590122,0.0536768761166,0.538103001159,-0.778261238709,0.323658159895
183,183,True,,1091.41556415,-408.301911585,1037.49767836,-0.134779825698,0.296690787616,0.945414710658,-0.82796170641,-0.557876433895,0.057037682492,0.544347142276,-0.775079648197,0.320839099312
184,184,True,,1091.25642399,-407.582668064,1038.07084681,-0.133769940852,0.296507342372,0.945615671848,-0.824024822795,-0.563359351684,0.0600777187324,0.550534916551,-0.771174193545,0.319689957409
185,185,True,,1091.04264165,-409.61202835,1038.77860354,-0.131450050445,0.296788948016,0.945852633645,-0.81075067359,-0.581227038055,0.0697027654167,0.570442135112,-0.757688227814,0.317024162991
186,186,True,,1090.62922652,-411.747524846,1039.63461739,-0.128021496581,0.296383449739,0.946449865093,-0.79668637904,-0.59909567523,0.0798447579585,0.590678685807,-0.743801870555,0.312821782317
187,187,True,,1090.19030189,-412.576102665,1040.40118184,-0.125058904432,0.295528231555,0.94711315838,-0.786788954282,-0.61108980682,0.0867893393328,0.604419896961,-0.734324391775,0.308940570016
188,188,True,,1089.75441592,-413.636874431,1041.23242091,-0.121959102034,0.294782012826,0.947749725584,-0.775763598878,-0.623946698479,0.0942409471117,0.619125848343,-0.723736196671,0.304777134219
189,189,True,,1089.33829538,-414.996465544,1042.08419133,-0.118977349373,0.294121823856,0.948333666527,-0.763159315719,-0.638084968255,0.102153962813,0.635163167357,-0.711575664297,0.300379468029
190,190,True,,1089.0447129,-416.11350045,1042.94319959,-0.116631860346,0.293912504604,0.948689859116,-0.75113031793,-0.65103405576,0.109352200376,0.649769385735,-0.699835764932,0.296697906099
191,191,True,,1088.75872981,-415.140711873,1043.57589732,-0.114990236541,0.293277723787,0.949086625251,-0.747307152444,-0.654996072548,0.111857788524,0.654453409653,-0.696396669778,0.294486693954
192,192,True,,1088.27929776,-414.180180101,1044.25870998,-0.112275980889,0.29197003106,0.94981451088,-0.743478546893,-0.658859573162,0.114646034221,0.659267589394,-0.69329471642,0.291047559273
193,193,True,,1087.73333034,-412.978994868,1044.92643067,-0.109300391669,0.290350815055,0.950657576932,-0.74061297103,-0.661677853509,0.11693949426,0.662982542397,-0.69128779996,0.287359228326
194,194,True,,1087.17336858,-412.689701825,1045.67112764,-0.10597508407,0.288886516073,0.95147982763,-0.733866143125,-0.668394514535,0.121199244695,0.670976725029,-0.685414731219,0.282837198221
195,195,True,,1086.87453271,-414.282325382,1046.51938858,-0.103545686749,0.288776311515,0.95178071669,-0.718720328224,-0.683208953971,0.129099244816,0.687545911597,-0.670696479134,0.278292745727
196,196,True,,1087.08364843,-415.405382376,1047.24537714,-0.104147718382,0.290292299193,0.951253716831,-0.705027428143,-0.696162279092,0.135256817708,0.701490968097,-0.656573272529,0.277167746101
197,197,True,,1087.10229347,-415.241334487,1047.88764245,-0.104019917018,0.290890209209,0.951085034605,-0.696951439044,-0.703528096338,0.138949304705,0.709534036166,-0.648406588376,0.275917284113
198,198,True,,1086.61494481,-414.76373381,1048.63433803,-0.100986896214,0.289785193181,0.951749015553,-0.690434362176,-0.709186435919,0.142670917268,0.716311411552,-0.642712331391,0.271696192022
199,199,True,,1085.98839939,-413.576585126,1049.34016004,-0.0973270640302,0.288060122877,0.952653561488,-0.687184664618,-0.711856543396,0.145043091312,0.719933802041,-0.640532299913,0.267233406309
200,200,True,,1085.39663002,-413.506804254,1050.13182192,-0.0936569210599,0.286631236768,0.953452104327,-0.678553997593,-0.719166639567,0.14954536731,0.728555319442,-0.632962778244,0.261849704735
201,201,True,,1085.35574038,-414.44889901,1050.88275573,-0.0931427676162,0.287105274206,0.953359840965,-0.664586878913,-0.730918119531,0.155186928953,0.741382967984,-0.619135901127,0.258886134658
202,202,True,,1085.83372378,-415.117639242,1051.48450954,-0.0959536215214,0.289059957702,0.952490022714,-0.651407556899,-0.741775643421,0.159490092619,0.752636098877,-0.605155546683,0.259471900187
203,203,True,,1085.82448388,-415.329220544,1052.18027269,-0.0958247554881,0.289473870684,0.952377285757,-0.640532361768,-0.750301068559,0.163605012295,0.761929071347,-0.59435106184,0.257314798496
204,204,True,,1085.24975621,-414.794217412,1052.95572098,-0.0922068311248,0.28816330771,0.953131579785,-0.633604247775,-0.755399021201,0.167086731878,0.768142927778,-0.588501679571,0.252234445798
205,205,True,,1084.5337849,-413.563746953,1053.69629586,-0.0877725480091,0.286353994946,0.954095052599,-0.630265638701,-0.757669137372,0.169418720768,0.771402102984,-0.586463014906,0.246981634255
206,206,True,,1083.93343153,-413.41498197,1054.49576769,-0.0840054603439,0.284938650556,0.954857606165,-0.62108507575,-0.764312095318,0.173436875062,0.779228086836,-0.578478164125,0.241177532778
207,207,True,,1084.22274059,-413.639834904,1055.0889479,-0.086049420819,0.285979760409,0.954364224923,-0.609287702296,-0.77301064826,0.176700406076,0.788266447978,-0.566277418156,0.240761069692
208,208,True,,1084.92648709,-414.222186874,1055.59268462,-0.0909463919527,0.288000091808,0.953301998796,-0.5950625784,-0.783292807355,0.179869135023,0.798516926294,-0.550915896544,0.242615731882
209,209,True,,1084.77830517,-414.838973496,1056.37105649,-0.0901850468962,0.287785311563,0.953439180947,-0.580881762389,-0.792834485899,0.184363380563,0.808976535778,-0.537208611637,0.238671054262
210,210,True,,1084.0997008,-414.199754538,1057.17031487,-0.0858252498238,0.286256034566,0.954301581874,-0.573874577723,-0.797186218881,0.18751560327,0.814433542737,-0.531555843822,0.232693767349
211,211,True,,1083.27696975,-413.057064955,1057.96353446,-0.0804464219524,0.284392443325,0.955326808676,-0.569758863825,-0.799537846608,0.190037019907,0.817865031828,-0.529018118803,0.226355074365
212,212,True,,1082.57570926,-412.898136444,1058.79979343,-0.0759580472489,0.282732704809,0.956186484264,-0.559747734427,-0.805690216587,0.193767253944,0.825174435415,-0.520505036026,0.219457646504
213,213,True,,1082.80647151,-412.751958859,1059.37019001,-0.0779701336975,0.283238714628,0.955874724421,-0.548992975564,-0.812525691597,0.195981410535,0.832182294351,-0.509487812445,0.218848801545
214,214,True,,1083.30336305,-412.910124778,1059.86804634,-0.0819775993729,0.284174574925,0.95526147424,-0.536039390095,-0.820616118542,0.198118545966,0.840203216768,-0.495816495244,0.219600905228
215,215,True,,1083.25651407,-413.025695151,1060.55412828,-0.0821523248895,0.283901334573,0.95532770699,-0.523527114369,-0.827953437208,0.201028521202,0.848039124119,-0.483624997331,0.216648346222
216,216,True,,1082.92823783,-412.401455443,1061.23813613,-0.0802506812841,0.283112097124,0.955723479159,-0.51555235154,-0.832393930682,0.203288260816,0.853091789302,-0.476411465675,0.212759287455
217,217,True,,1082.12712515,-411.75809764,1062.07915413,-0.0748813091727,0.281430290043,0.95665551866,-0.507938116683,-0.836331048572,0.20627468777,0.858132658251,-0.470475683793,0.205574735321
218,218,True,,1081.380196,-411.437600893,1062.91520864,-0.0699879072455,0.279700905897,0.957532817234,-0.498063144633,-0.841478608473,0.209396407418,0.86431174746,-0.462256589701,0.198202039547
219,219,True,,1081.43929631,-411.117096816,1063.50677733,-0.0710110036977,0.279498944873,0.957516463132,-0.487566852101,-0.847173110161,0.211130969191,0.870193083221,-0.451860665731,0.196433033576
220,220,True,,1081.72307154,-410.732944419,1063.99871652,-0.0737570195663,0.279592206461,0.957281620084,-0.477151352132,-0.852790214916,0.212309765441,0.8757205543,-0.441108883871,0.196307063926
221,221,True,,1081.96862821,-410.446914213,1064.52433967,-0.0762772809851,0.279519718617,0.957105272846,-0.466015182119,-0.858603129399,0.213613005741,0.881482629687,-0.429731768772,0.195752344733
222,222,True,,1081.90137879,-410.081033041,1065.12687337,-0.0764748291044,0.27886693404,0.957279913929,-0.455448310411,-0.863845137887,0.215263592587,0.88697149732,-0.419529272934,0.193071883231
223,223,True,,1081.09447202,-409.812372387,1065.99298778,-0.0710622016085,0.27707908952,0.958215707267,-0.44464288793,-0.868717860293,0.218224612316,0.892884575808,-0.410556277943,0.184934250278
224,224,True,,1080.33869043,-409.189964024,1066.8059524,-0.065945886794,0.275458655801,0.959048314194,-0.436045393324,-0.872465989822,0.220607143052,0.897505183816,-0.403640465698,0.17764802131
225,225,True,,1080.11981404,-408.573047105,1067.44169396,-0.0649396886955,0.274603468306,0.959362169374,-0.426943857285,-0.876600628652,0.222014144985,0.901943335004,-0.395176255665,0.174166435917
226,226,True,,1080.29630245,-407.805633707,1067.91715238,-0.066981069599,0.274267319574,0.959317973213,-0.418486882508,-0.880540248691,0.222525503267,0.905749560024,-0.386556991722,0.173756803225
227,227,True,,1080.8180634,-407.312153605,1068.28918529,-0.0718489885081,0.274071014631,0.95902179422,-0.407714446081,-0.885576959833,0.222536241252,0.910278338371,-0.375018035769,0.175370520727
228,228,True,,1080.83995667,-407.229350816,1068.84807018,-0.073003155596,0.27288074047,0.959274017554,-0.394188725392,-0.891418789924,0.223579493122,0.91612542157,-0.361812993757,0.172642895892
229,229,True,,1080.02646126,-407.036690978,1069.69977936,-0.0675158462598,0.270914846776,0.960232657381,-0.381970491869,-0.896122782047,0.225970137048,0.921705025399,-0.351523975416,0.16398396526
230,230,True,,1079.19226978,-406.294527921,1070.52488446,-0.0616311599407,0.26931143183,0.961079056483,-0.373677649868,-0.899104614829,0.227982248392,0.925508840646,-0.34508295275,0.156048523249
231,231,True,,1078.63092316,-405.638448048,1071.2561773,-0.0579157684119,0.267909326176,0.961701802389,-0.364434855714,-0.902512695484,0.229473463457,0.929426166895,-0.337187525627,0.14990521289
232,232,True,,1078.55451962,-404.910438933,1071.80028414,-0.0580673209957,0.266925688545,0.961966144429,-0.355239510848,-0.906046694486,0.229965817772,0.932970029618,-0.328374883641,0.147434255277
233,233,True,,1078.88881139,-404.207510782,1072.18722908,-0.0615802651042,0.266088645917,0.961979575388,-0.345391344617,-0.909942600311,0.229585023906,0.936436164409,-0.318121512402,0.147939221757
234,234,True,,1078.94238695,-403.460826594,1072.67057781,-0.0628336843508,0.264982446968,0.962203840623,-0.336003966688,-0.913443684351,0.229612651847,0.939762343617,-0.308876898323,0.146430185419
235,235,True,,1078.55768553,-402.914305574,1073.31318271,-0.0605945473704,0.263385403185,0.962785765484,-0.325308529248,-0.91710590405,0.230415107046,0.94366448573,-0.299240522232,0.141253135282
236,236,True,,1077.81327295,-402.385836385,1074.0928117,-0.0553800224997,0.261636489542,0.963576359428,-0.314687489537,-0.920446756642,0.231839496456,0.947578406802,-0.290386148995,0.133308092158
237,237,True,,1076.95713083,-401.957763305,1074.91361214,-0.0492250767043,0.259760522021,0.964417628946,-0.30322390008,-0.923901172245,0.233370714411,0.951647076517,-0.280946783438,0.124244704645
238,238,True,,1076.70546952,-401.378331322,1075.49979685,-0.0479846964091,0.258240810161,0.964888155631,-0.292343362653,-0.927330984635,0.233650600787,0.955108803866,-0.270866994857,0.119992682585
239,239,True,,1076.94269269,-400.2889294,1075.87714804,-0.0506290583758,0.257283849489,0.96500866278,-0.285075483184,-0.929771135623,0.232932617402,0.957167000756,-0.263307151734,0.12041875481
240,240,True,,1077.23547716,-398.909732938,1076.22735463,-0.0536403438092,0.256588939187,0.9650309994,-0.280092757042,-0.931491522556,0.232102543843,0.958473140452,-0.257848133003,0.121834228929
241,241,True,,1077.25516753,-398.352646441,1076.66132368,-0.0546938528551,0.254633961995,0.965489579363,-0.268360281713,-0.935108527602,0.231419102075,0.961764701816,-0.246441853192,0.119478329987
242,242,True,,1076.37019675,-398.071562831,1077.46351008,-0.0482551198085,0.252385526264,0.966422779918,-0.255085235922,-0.938579918747,0.232377405396,0.965713708004,-0.235306783278,0.109671107939
243,243,True,,1075.19075833,-397.853033393,1078.37733325,-0.0392594337019,0.250118046249,0.967419071451,-0.241358354159,-0.941871507088,0.233718225678,0.969641604792,-0.224319029682,0.0973454219763
244,244,True,,1074.76830544,-397.4332564,1078.99801638,-0.0365426626056,0.24805134682,0.96805741728,-0.228546036431,-0.945105490467,0.233542974892,0.972847029621,-0.212711403621,0.0912278232118
245,245,True,,1074.8052487,-396.101496251,1079.42884741,-0.037408459056,0.2470898393,0.968270219776,-0.223114097268,-0.946554019378,0.232928289395,0.974074281968,-0.20732124762,0.0905383537177
246,246,True,,1075.00892701,-394.564902788,1079.79381397,-0.0396288129388,0.246335298996,0.968374141359,-0.219291610535,-0.947652569991,0.232090060403,0.974854218196,-0.203158871471,0.0915736108758
247,247,True,,1075.05390282,-393.725363858,1080.17668025,-0.0407041054503,0.244276315653,0.96885099856,-0.209273158416,-0.950231987725,0.230789762926,0.977009683149,-0.193360417656,0.0897988191335
248,248,True,,1074.39968411,-393.018289853,1080.86109859,-0.0358493136672,0.242406021916,0.969512324444,-0.198758451772,-0.952484552225,0.230799167291,0.979392620229,-0.184424776838,0.0823261630922
249,249,True,,1073.55215585,-392.774835061,1081.58254221,-0.0293639838779,0.23982646085,0.970371591261,-0.18405762766,-0.955487563034,0.230578200591,0.982476740768,-0.171833598472,0.0721988108307
250,250,True,,1072.95471483,-392.474143423,1082.22230942,-0.0249694574998,0.237302270888,0.971114904851,-0.169576446148,-0.958345348471,0.229821717809,0.98520066743,-0.15893969075,0.0641702392089
251,251,True,,1072.60314834,-391.171681582,1082.79602144,-0.0224158978518,0.236396309253,0.971398122551,-0.163971785794,-0.959353787442,0.229681440224,0.986210312756,-0.154133369169,0.0602671014865
252,252,True,,1072.54335627,-389.851124162,1083.23975731,-0.0223695991424,0.235234129996,0.971681277539,-0.158193338595,-0.960512840685,0.228888511077,0.987154733899,-0.148593361103,0.0586987595929
253,253,True,,1072.52610772,-388.399365657,1083.66186622,-0.0226485557901,0.234129031314,0.971941685296,-0.153487859038,-0.961479485772,0.22803218099,0.987890945423,-0.144016648813,0.0577120855295
254,254,True,,1072.31749263,-387.221555655,1084.1414087,-0.0212950408008,0.23261578643,0.972335547607,-0.146350431088,-0.962804900877,0.227130522317,0.989003575604,-0.137464972815,0.0545463902694
255,255,True,,1071.745047,-386.849178397,1084.68780246,-0.0168011195173,0.229748635322,0.973104972215,-0.13178471238,-0.965260505952,0.225621242865,0.991135970473,-0.124449669412,0.0464948149515
256,256,True,,1070.64099827,-386.469427106,1085.50318354,-0.00765974652297,0.227728055546,0.97369464464,-0.117866319595,-0.967141055658,0.225268082883,0.992999928997,-0.113040307759,0.034249523114
257,257,True,,1069.63295875,-385.534859363,1086.3313478,0.000758555957795,0.226878668423,0.973922735338,-0.10913467953,-0.968086960956,0.225604205968,0.9940266829,-0.106459879023,0.0240259826387
258,258,True,,1069.01069806,-384.534424548,1086.98285136,0.00586072898703,0.225634466756,0.974194405274,-0.100529654635,-0.969142730597,0.225069225508,0.99491680074,-0.0992544968438,0.017003072123
259,259,True,,1068.65425748,-383.312844901,1087.51977728,0.00868623586583,0.224343168805,0.97447149364,-0.0936581658454,-0.970041873394,0.224158229456,0.995566520769,-0.0932143040153,0.0125855571982
260,260,True,,1068.52329837,-382.407063809,1087.8880565,0.0096373682652,0.221803440825,0.975043770695,-0.0832186763199,-0.971528553123,0.221826333825,0.996484707883,-0.0832796740212,0.00909521030203
261,261,True,,1068.41761564,-381.914075043,1088.16949777,0.0105246656165,0.218026854011,0.975886019135,-0.068416706412,-0.973496016678,0.218230748971,0.997601316006,-0.0690637129229,0.00467095920627
262,262,True,,1068.3062171,-381.141645047,1088.49911011,0.0114383485523,0.215025000927,0.976541557313,-0.0564690199419,-0.974908018664,0.215326739937,0.998338827237,-0.0576073269781,0.00099091334139
263,263,True,,1068.07906336,-379.868423748,1088.9598702,0.0132629710567,0.213612341482,0.976828470698,-0.0497966559262,-0.975561095911,0.214011310924,0.998671310621,-0.0514812170769,-0.00230165830871
264,264,True,,1067.67872031,-378.468719528,1089.52993292,0.0165722408532,0.21286602223,0.976940846425,-0.0446169475426,-0.975944320345,0.213405744015,0.998866702231,-0.0471247298865,-0.00667615218869
265,265,True,,1067.22965485,-376.863934203,1090.16024277,0.020254074512,0.212742459974,0.976898366356,-0.0415932816596,-0.976073604403,0.213425204016,0.998929312507,-0.0449551388896,-0.0109208104541
266,266,True,,1066.73401111,-375.855005016,1090.6798594,0.0247013277385,0.210942227401,0.977186379923,-0.0322280614814,-0.976808532565,0.211675323933,0.999175258131,-0.0367214842815,-0.0173302086269
267,267,True,,1066.29749291,-375.227613306,1091.08448409,0.0288892885241,0.20794404984,0.977714007849,-0.0186852772909,-0.977839008036,0.208522744026,0.999407959455,-0.0242929310639,-0.024363581001
268,268,True,,1065.90742001,-374.586854475,1091.45619411,0.0327337836464,0.205006099421,0.978213166242,-0.00520501317969,-0.978689427043,0.20528008484,0.999450552677,-0.0118112063069,-0.0309691485125
269,269,True,,1065.3481731,-373.84978166,1091.94306968,0.0380048421083,0.202887068948,0.97846434234,0.00700610434605,-0.979201773467,0.202767850858,0.99925299423,-0.000850936875186,-0.0386358567683
270,270,True,,1064.68785647,-372.593062124,1092.60694009,0.0438335177806,0.202516409839,0.978297360962,0.0135511105446,-0.97926899422,0.202110376682,0.998946940594,0.00439780689401,-0.0456691271269
271,271,True,,1064.0169724,-371.021238936,1093.35504501,0.0495503617967,0.203065811162,0.977910547025,0.0167129387057,-0.979144752911,0.202475259048,0.998631783655,0.00631103669132,-0.0519108032132
272,272,True,,1063.35305049,-369.836897689,1093.98619404,0.0556978081212,0.202167056657,0.977765940997,0.0243509282269,-0.979269875779,0.201090881659,0.998150683246,0.0126091869104,-0.0594661411265
273,273,True,,1062.82111273,-368.728293356,1094.52188352,0.0608177364003,0.200675145301,0.977768218443,0.033055098667,-0.979449156735,0.198964091792,0.997601405067,0.0202196792464,-0.0662012173598
274,274,True,,1062.31250399,-368.0891931,1094.88564344,0.0663839634082,0.197591516397,0.978034131332,0.0471780969319,-0.979721576795,0.194730221415,0.996678181045,0.0332148251578,-0.0743597930177
275,275,True,,1061.65742171,-367.518930722,1095.32944769,0.0732739215029,0.194872115633,0.978087823754,0.0618109362326,-0.979726120962,0.19056793032,0.99539456528,0.0464928645368,-0.0838336027947
276,276,True,,1060.99045707,-366.115260213,1096.02791385,0.0792762490174,0.195053993086,0.977583355077,0.0669962965164,-0.979495061174,0.190002424693,0.994598799816,0.0504317847924,-0.0907185895384
277,277,True,,1060.34111813,-364.522134232,1096.77844801,0.0848946697765,0.195839187418,0.976954404113,0.0700544563683,-0.979240797165,0.190209974264,0.993924176276,0.0522921967234,-0.0968517319172
278,278,True,,1059.72639649,-363.114247806,1097.43620424,0.0906105864126,0.19575066456,0.976458600737,0.0754368358373,-0.979024065933,0.189264793669,0.993025178648,0.0565115532242,-0.103476755474
279,279,True,,1059.22807013,-361.704530948,1098.02355919,0.0953405349037,0.195326759196,0.976093048611,0.0809773621074,-0.978831810743,0.187965297605,0.992145578648,0.0611207282308,-0.109139394126
280,280,True,,1058.69650172,-361.348406106,1098.21439971,0.102257630202,0.191352270181,0.97618015026,0.0989398402162,-0.978414782291,0.181426078096,0.989825381107,0.0780309072861,-0.118982740028
281,281,True,,1057.99166117,-361.013350651,1098.53931287,0.110578050207,0.188152961325,0.975894952317,0.116709405883,-0.977581208619,0.175253802049,0.98699108881,0.0945168963669,-0.1300582443
282,282,True,,1057.29244973,-359.486461291,1099.3002269,0.11679653574,0.189152563643,0.974976859677,0.120535965261,-0.977138531628,0.175132438706,0.985814206794,0.0970649147515,-0.136926082272
283,283,True,,1056.59512502,-357.972578809,1100.06019023,0.123033757229,0.19012800818,0.974019525003,0.124523714773,-0.976676881493,0.174917448006,0.984559058178,0.0997677786817,-0.14383967219
284,284,True,,1055.89693672,-356.399151112,1100.84192084,0.12928620327,0.191200096952,0.972999280868,0.127916214377,-0.976251780987,0.174842506902,0.983322185117,0.101857660713,-0.15067347879
285,285,True,,1055.17579129,-355.066437797,1101.5351197,0.136292061387,0.191505900597,0.971982491632,0.134216613176,-0.975661117584,0.173410738948,0.981534703793,0.106821691015,-0.158678138312
286,286,True,,1054.48867292,-354.596992,1101.79913659,0.145070657644,0.188654640886,0.97126923701,0.151124522408,-0.974360416538,0.166682804783,0.977811783023,0.122601815465,-0.169861448913
287,287,True,,1053.90749388,-353.970394697,1102.07380521,0.152528693994,0.186187068756,0.970602582387,0.166142690159,-0.972947792965,0.160527875059,0.974233854891,0.136773416981,-0.179336076661
288,288,True,,1053.31334159,-352.605750098,1102.68693007,0.158387236196,0.186482038725,0.969607102203,0.17220393159,-0.972169765985,0.158845056736,0.972244459668,0.141811125578,-0.186092222587
289,289,True,,1052.61198811,-351.207549791,1103.39952466,0.165043083255,0.187371208598,0.968324744524,0.177686870758,-0.97137311191,0.15767578577,0.970148522975,0.146035295894,-0.193611817107
290,290,True,,1051.87731514,-349.610333636,1104.23455519,0.171560823829,0.18904175274,0.966866122816,0.180759864386,-0.970796164142,0.157736105935,0.968448633204,0.147709252957,-0.200721751278
291,291,True,,1051.14019757,-348.336585407,1104.899508,0.179079789989,0.189550971906,0.965401915198,0.187913575244,-0.969789240323,0.155554870041,0.965721966746,0.153555391974,-0.209288854312
292,292,True,,1050.47347327,-347.535776113,1105.24828779,0.187449740261,0.188142116689,0.964087723604,0.201113440603,-0.968044395105,0.149811325053,0.961465537024,0.165808905168,-0.219297578833
293,293,True,,1049.8865473,-346.653769739,1105.57834906,0.194895841903,0.186861884353,0.962859411848,0.21334687193,-0.966255676724,0.144336687773,0.957339398044,0.177292423345,-0.228185612118
294,294,True,,1049.23478996,-345.555387909,1106.07213576,0.202196861587,0.186784038367,0.961367854765,0.222736776791,-0.964688962044,0.140582839547,0.953679588452,0.185706568332,-0.236660755195
295,295,True,,1048.4836899,-344.261300463,1106.7613128,0.209670739394,0.187911759442,0.959545388038,0.229509042302,-0.963399607128,0.138516412336,0.950454512611,0.191181504462,-0.245124155906
296,296,True,,1047.70503566,-342.674276628,1107.64613191,0.216505785633,0.190165960849,0.957581407569,0.232625102167,-0.962643438298,0.138575512064,0.948161804034,0.19275507266,-0.252655249964
297,297,True,,1046.95731242,-341.384313689,1108.31757263,0.224217898398,0.19122578739,0.955593549725,0.239642887081,-0.961269596458,0.136132470763,0.944615064833,0.198477860634,-0.261359748486
298,298,True,,1046.29630431,-340.287636377,1108.79181879,0.231948316518,0.191279599419,0.953735861395,0.249276763089,-0.959422176039,0.131795992003,0.940245220061,0.207174329902,-0.270217917951
299,299,True,,1045.6955308,-339.376797179,1109.0803856,0.239878798418,0.190565678663,0.951915376588,0.261348733617,-0.957020934872,0.125728953123,0.934962566901,0.218622167981,-0.279373130707
300,300,True,,1044.99934591,-338.537346349,1109.40601724,0.248680242353,0.190294935641,0.949708362884,0.274018101357,-0.954276509037,0.119458881748,0.929016801351,0.230530218776,-0.289453970501
301,301,True,,1044.21039316,-337.250863589,1110.11401086,0.256521004542,0.192067186676,0.947262988843,0.280847133157,-0.952583010962,0.117091823049,0.92483612712,0.23599958269,-0.298299069633
302,302,True,,1043.41088995,-335.672601089,1111.03545146,0.263396370887,0.194857239098,0.944803158428,0.283998686791,-0.951647847238,0.117094494956,0.921936601781,0.237480591248,-0.30599978934
303,303,True,,1042.66290642,-334.272972909,1111.77772365,0.270713897895,0.196790692687,0.942330838272,0.289614393638,-0.950181911218,0.115229504001,0.918061810819,0.241718346152,-0.314220866031
304,304,True,,1041.99505382,-332.90435823,1112.42588924,0.277559759113,0.198265004999,0.940027429341,0.295774125238,-0.948582146787,0.112736762582,0.91404499176,0.246744601948,-0.32192989058
305,305,True,,1041.39345752,-332.169676007,1112.50559535,0.286553626852,0.197556173222,0.937474574247,0.310207126426,-0.944929351658,0.104307521731,0.906453836471,0.260921595115,-0.332056265639
306,306,True,,1040.67025778,-331.593616569,1112.59642237,0.296782940699,0.197309472587,0.934338727731,0.326110313415,-0.940542710241,0.0950340659764,0.897536600699,0.276493005769,-0.343481685343
307,307,True,,1039.85078041,-330.2445148,1113.37499141,0.304503615942,0.199988103467,0.931279929103,0.332044210699,-0.938667521101,0.0930049835863,0.892762112782,0.280905755196,-0.352232546307
308,308,True,,1039.04997084,-328.695097884,1114.30088671,0.311269497769,0.203179463231,0.928347674893,0.335494513264,-0.937471364772,0.0926869559416,0.889131447722,0.282604929103,-0.359971836007
309,309,True,,1038.27668287,-327.168793084,1115.17874401,0.318078479489,0.206134000822,0.925383625634,0.339375085124,-0.936153009404,0.0918808716757,0.885240437668,0.284826818765,-0.367726869876
310,310,True,,1037.45937117,-325.642914478,1116.11145124,0.325159605465,0.209389139235,0.922186217282,0.343158327202,-0.934833239549,0.0912643232954,0.881200087066,0.286780408336,-0.375823634102
311,311,True,,1036.74348326,-325.151027609,1116.00133939,0.336062449661,0.209519919232,0.918239311603,0.360341023302,-0.929368372563,0.0801796420842,0.870181806781,0.303933926247,-0.38782443402
312,312,True,,1036.10523862,-324.676302991,1115.82715111,0.346064527452,0.209485317745,0.914524600264,0.377363732793,-0.923509962366,0.0687456368289,0.858973780748,0.321317990564,-0.398646200193
313,313,True,,1035.41292091,-323.240280304,1116.54678575,0.352364222499,0.212192033148,0.911489986655,0.38235868633,-0.921601042063,0.0667334567936,0.854190429407,0.325001631282,-0.405872701685
314,314,True,,1034.68172093,-321.81850064,1117.30350025,0.358909993536,0.215161535206,0.908234072422,0.387421742548,-0.919625123387,0.0647612989145,0.849169011411,0.328626149605,-0.41342090399
315,315,True,,1033.92854293,-320.245927073,1118.22246794,0.365056823094,0.218605234748,0.904955947686,0.390648645212,-0.918295557908,0.0642409862998,0.845060442753,0.330068204569,-0.420627897822
316,316,True,,1033.16647559,-318.842609009,1118.99059007,0.371985562139,0.221792296631,0.901351717542,0.395962533507,-0.916169461899,0.0620257135551,0.839547743501,0.333828839735,-0.428623251986
317,317,True,,1032.48305844,-318.093486415,1119.00098682,0.381226951221,0.223301603924,0.897107800294,0.409485882899,-0.910793268873,0.0526966135632,0.828846984291,0.347263610331,-0.438657795521
318,318,True,,1031.84498228,-317.311959001,1119.00592576,0.389717804458,0.224813782105,0.893072671323,0.422364146637,-0.905377007312,0.0436004846927,0.81836945234,0.360209991541,-0.447794820727
319,319,True,,1031.1728214,-316.15741147,1119.40957194,0.396728933152,0.227387304955,0.889326243369,0.430590361566,-0.90172717008,0.0384714344088,0.8106775525,0.367672577552,-0.455652040036
320,320,True,,1030.46556417,-314.924791119,1119.94129314,0.403493570848,0.230410646875,0.885496398689,0.437733338228,-0.898449608234,0.0343194706853,0.803481463936,0.37376360881,-0.463377062273
321,321,True,,1029.72992347,-313.363572832,1120.84807146,0.409110988738,0.234191245045,0.881919871438,0.440972741755,-0.896891141104,0.0336053870409,0.798856207288,0.375154290597,-0.47019997695
322,322,True,,1029.02205225,-312.026953563,1121.47443311,0.415500618939,0.237502097603,0.878038717424,0.446935207058,-0.894051771142,0.0303372907424,0.792217240631,0.379821252897,-0.477627113442
323,323,True,,1028.36587032,-311.043267787,1121.63542658,0.422968509551,0.240074339389,0.873763098039,0.457089566831,-0.889122511039,0.023027988599,0.782410868932,0.389647881979,-0.485806299101
324,324,True,,1027.74118357,-310.165232919,1121.63474553,0.43045103782,0.242458644236,0.869439882841,0.4683151435,-0.883442426948,0.0145053313066,0.771617023146,0.400928028582,-0.493825764302
325,325,True,,1027.10262201,-309.322529747,1121.60037505,0.437902970995,0.245063022577,0.864976937819,0.479682785356,-0.877423169412,0.0057451903225,0.760358739956,0.412398710891,-0.501778725963
326,326,True,,1026.43010246,-308.195234059,1121.94004907,0.444246684394,0.248331342469,0.860799876715,0.487629848935,-0.873050449712,0.000206606232324,0.751573026281,0.419659929712,-0.508943542607
327,327,True,,1025.74713602,-306.638100949,1122.78904822,0.449025771609,0.252177637275,0.857194432839,0.490807730945,-0.871267558366,-0.000782932984571,0.746648262354,0.421069211647,-0.514992321619
328,328,True,,1025.1096462,-305.270258574,1123.34554524,0.454263577892,0.255586911504,0.853416623033,0.496159395305,-0.868221870882,-0.0040788936419,0.739912465263,0.425283568447,-0.521213420931
329,329,True,,1024.48716593,-304.040275915,1123.71024383,0.459843989173,0.25883659407,0.849439299298,0.502997010313,-0.864241806177,-0.00895031134901,0.731804286157,0.431381174864,-0.527610432739
330,330,True,,1023.89241505,-303.294747473,1123.41261325,0.466826244768,0.261636443177,0.844760101329,0.514970684788,-0.856993754645,-0.0191545897232,0.718942592287,0.443968553054,-0.534802274579
331,331,True,,1023.2918513,-302.826862859,1122.78681008,0.474361582628,0.264437733623,0.839674802506,0.529378332553,-0.847779350432,-0.0320741952934,0.703377331131,0.459720412878,-0.54214156088
332,332,True,,1022.66659888,-301.720517356,1122.99600215,0.479692320611,0.267924931707,0.835530674791,0.536946344337,-0.842758893705,-0.0380272321245,0.693962463574,0.466876512635,-0.548126282075
333,333,True,,1022.07603587,-300.167315342,1123.71987577,0.483418927305,0.271471959212,0.832231407774,0.540055515363,-0.840703515475,-0.0394669405081,0.688945702541,0.468530227871,-0.553021920471
334,334,True,,1021.52808038,-298.671239645,1124.30406968,0.487107752726,0.274734208628,0.829003710392,0.543800830514,-0.838174955202,-0.0417540561512,0.683378880246,0.471151630669,-0.557682209642
335,335,True,,1020.92970533,-297.195417291,1124.93202033,0.491035756298,0.27836384259,0.825468023109,0.547654731565,-0.835545959119,-0.0440141476667,0.677464523818,0.473683988898,-0.562730217449
336,336,True,,1020.33967402,-296.834683248,1124.00198468,0.497903639003,0.281644202496,0.820224670117,0.562285923108,-0.824901014274,-0.0580763060512,0.66024730741,0.490117189915,-0.569085787212
337,337,True,,1019.79273693,-296.773260995,1122.66958642,0.504763799252,0.284658581978,0.814974231906,0.57890672984,-0.811941496741,-0.0749533455955,0.640375284587,0.509627802986,-0.574629443479
338,338,True,,1019.28072581,-295.635494287,1122.72084445,0.508574148777,0.287780188144,0.811501631858,0.58549831328,-0.8066284649,-0.0808841440592,0.631303461374,0.516268421391,-0.578725199669
339,339,True,,1018.83276352,-294.180633997,1123.10780036,0.511307297778,0.29054189562,0.808795557683,0.589309680726,-0.803539159038,-0.0838982723013,0.625522939181,0.51952885077,-0.582074587812
340,340,True,,1018.41800629,-292.653573277,1123.53278096,0.513698960772,0.293109601185,0.80634988646,0.592520800626,-0.800914618133,-0.086341619664,0.620509853691,0.522132680603,-0.585102542568
341,341,True,,1017.95445472,-291.111714105,1124.048944,0.51620537828,0.296034803239,0.803676180253,0.595528302539,-0.798455790283,-0.0883990488498,0.615530704603,0.524243975868,-0.588464277129
342,342,True,,1017.45952869,-290.867924999,1122.72983367,0.521259542343,0.299166036706,0.799242248632,0.60934298758,-0.786170576954,-0.103135577849,0.597486077665,0.54077306369,-0.592093641736
343,343,True,,1017.00119783,-290.70704911,1121.32502054,0.525864619741,0.302069278925,0.795122979441,0.623037693995,-0.77319161525,-0.118316347006,0.579042687171,0.55760996838,-0.594794661708
344,344,True,,1016.60212192,-289.685869069,1121.00882664,0.528601593465,0.304619569517,0.792330280409,0.629777863529,-0.766580620706,-0.125435220599,0.569175015259,0.565297328691,-0.597058399304
345,345,True,,1016.30014763,-288.622870912,1120.63342333,0.530808801462,0.306487930866,0.790131105908,0.636084256247,-0.760165959559,-0.13245577708,0.560034673252,0.572898649118,-0.59845492946
346,346,True,,1016.04429129,-287.069532784,1120.85885262,0.532043350053,0.308028292078,0.7887004786,0.638772783599,-0.757444208782,-0.13508368338,0.555787013701,0.575670775584,-0.599753243876
347,347,True,,1015.76946381,-285.734871083,1120.79534444,0.533574712683,0.309721743785,0.787000932281,0.642988211974,-0.753050322639,-0.139575681389,0.549421682542,0.580506376364,-0.600956039784
348,348,True,,1015.42633144,-285.351186917,1119.44616529,0.536320111281,0.311988515747,0.78423459773,0.653673479372,-0.741331938106,-0.152111603465,0.533921080873,0.59421387024,-0.601529846154
349,349,True,,1015.08344835,-285.064446287,1118.01659782,0.538932329268,0.314261198183,0.781531729225,0.664443292423,-0.728873121333,-0.165103253001,0.51775192479,0.608262996009,-0.601622034223
350,350,True,,1014.81188727,-284.562119112,1116.78940458,0.540947815962,0.316029140921,0.779423532166,0.67341653194,-0.717939453587,-0.176275680378,0.503870652961,0.620232636252,-0.601187027482
351,351,True,,1014.70629813,-283.831620538,1115.69713138,0.542166264716,0.316590246053,0.778348480764,0.680674321804,-0.708604708146,-0.185908136535,0.492684695359,0.630594944237,-0.599676418798
352,352,True,,1014.7206152,-282.2649123,1115.58342944,0.542282754257,0.31622292481,0.778416646957,0.682889996271,-0.705627040181,-0.18908128717,0.489479996965,0.634108462323,-0.598594846772
353,353,True,,1014.72909562,-281.048693453,1114.98370418,0.542575823988,0.315922347237,0.778334469068,0.68709501,-0.699947988014,-0.194867291531,0.483230713486,0.640520011078,-0.59684352468
354,354,True,,1014.6210969,-280.439545979,1113.69168553,0.543403828385,0.316489403535,0.777526036057,0.694548122882,-0.689721784112,-0.204662565025,0.471503111652,0.651243670197,-0.594614579144
355,355,True,,1014.40111114,-280.331423718,1111.88629795,0.54466047568,0.31788279577,0.776076989986,0.704299742111,-0.675765832026,-0.217491180344,0.455309608391,0.665049673648,-0.591947710603
356,356,True,,1014.27249415,-280.675646861,1109.4154615,0.54578557505,0.318659716128,0.774967155036,0.71570338407,-0.658257809758,-0.233378066499,0.435759993688,0.682020997631,-0.58733345443
357,357,True,,1014.47116944,-280.249022115,1107.64045952,0.54588501945,0.31708231142,0.775543908057,0.722783368142,-0.646388387403,-0.244471379445,0.423785026019,0.694003501731,-0.582035558456
358,358,True,,1014.91888982,-278.657852774,1107.07860162,0.545078504848,0.313693685721,0.777486781297,0.724338566783,-0.643174390397,-0.248315010035,0.422164735885,0.698514835258,-0.577800969798
359,359,True,,1015.38112062,-277.381112265,1106.09074564,0.544198834901,0.310204346225,0.779500411594,0.727279424124,-0.637610696287,-0.254002439413,0.418225139535,0.705142442039,-0.572592236323
360,360,True,,1015.63833684,-276.376263079,1105.00364752,0.543675676389,0.308138292784,0.780684027903,0.731354390542,-0.63026318691,-0.260555312096,0.411749334351,0.712614276974,-0.568017057767
361,361,True,,1015.56634796,-277.048434884,1102.15635195,0.543838677802,0.308371034116,0.780478569754,0.742254684587,-0.610675286709,-0.275923317991,0.391532215449,0.729371647051,-0.560998685154
362,362,True,,1015.67360123,-278.743617187,1098.03985889,0.543756282662,0.307386158459,0.780924359111,0.755952445226,-0.583540133253,-0.296676277178,0.364506523429,0.751661268439,-0.549672931757
363,363,True,,1016.36283891,-278.594045002,1095.64760346,0.542944059324,0.302473468816,0.7834038225,0.761938966489,-0.569657694124,-0.308121928577,0.353073306538,0.764198869528,-0.539758583093
364,364,True,,1017.45001583,-277.107200656,1094.43025103,0.541669598422,0.29491705791,0.787158163967,0.763085894153,-0.565270121714,-0.313320295612,0.352553491388,0.770385370092,-0.531236686664
365,365,True,,1018.64671699,-275.725481546,1092.9995935,0.540064502663,0.28661399971,0.791317097082,0.764551122667,-0.56013767492,-0.318915923032,0.351840750613,0.777237544323,-0.521641530079
366,366,True,,1019.78506541,-274.353413268,1091.65506549,0.53850232997,0.278737349216,0.795185972442,0.766032576528,-0.555060972149,-0.324193474479,0.351011869194,0.783717300657,-0.512423516572
367,367,True,,1020.45924311,-276.114100257,1087.23532815,0.537121549367,0.273841210254,0.797816666141,0.777265710386,-0.528087285228,-0.34202607304,0.327656003552,0.803825112041,-0.496494443664
368,368,True,,1021.05633778,-278.812189597,1082.23241066,0.536034727486,0.269530375895,0.800012592025,0.789700395896,-0.495062300506,-0.36233493254,0.298395803675,0.825994367467,-0.478218829891
369,369,True,,1022.12956674,-279.078896487,1079.48977719,0.535135377739,0.262346718423,0.802997090172,0.79465138972,-0.478859441695,-0.373125721327,0.286634429733,0.837775527473,-0.464728812599
370,370,True,,1023.88674095,-278.472388799,1077.13155605,0.53409535192,0.250962417199,0.807316555145,0.796902928638,-0.468298791632,-0.381630664496,0.2822904132,0.847180091191,-0.450108893164
371,371,True,,1025.99642448,-277.254233367,1075.13911987,0.532623398267,0.237373298132,0.812383058017,0.797587470038,-0.461886680129,-0.387962527001,0.283136969075,0.854584467477,-0.435337621496
372,372,True,,1028.15369523,-275.884399028,1073.3382793,0.531171316498,0.223621745578,0.81722111294,0.79786690907,-0.456550192409,-0.393662694731,0.285070917389,0.861136015224,-0.420926757694
373,373,True,,1029.75108211,-278.587685451,1068.13442635,0.52924029115,0.213130068194,0.821267488858,0.80723014781,-0.424584778882,-0.410008846257,0.261312461797,0.879945077589,-0.396752388445
374,374,True,,1031.15354872,-281.70029534,1063.12348843,0.5279496347,0.204093660132,0.824387627948,0.816080714113,-0.390649905392,-0.425916563977,0.235120078411,0.897629338486,-0.372800374754
375,375,True,,1032.96908657,-283.256850068,1059.35831668,0.555558699435,0.179956546274,0.811769778284,0.80205718014,-0.373391025565,-0.466136698635,0.219223199658,0.910052077346,-0.351776072595
376,376,True,,1035.81951295,-284.616476467,1055.32589804,0.583132437416,0.151439016004,0.798137071476,0.785546145865,-0.355527945285,-0.506475204564,0.207059926468,0.922315620898,-0.326282212659
377,377,True,,1039.30546448,-283.40030849,1053.08369784,0.58274007341,0.131436491667,0.801959135805,0.784703749541,-0.347613854968,-0.513229610692,0.211315007274,0.928379801855,-0.3057072312
378,378,True,,1042.85428511,-282.940462137,1050.34414488,0.582269851694,0.111575561397,0.805302870917,0.784952018653,-0.335071765198,-0.521130732714,0.211688800414,0.935562828604,-0.28268364918
379,379,True,,1045.89359027,-285.533484592,1045.69394485,0.581692737218,0.0959002836568,0.807735535347,0.789709676726,-0.304540192069,-0.532554126733,0.194915843259,0.947659436195,-0.252882199922
380,380,True,,1048.39761134,-289.162725736,1040.90777376,0.581713180993,0.083982180846,0.80904682705,0.795053810337,-0.268734993169,-0.543756326046,0.17175335143,0.959545984696,-0.223097040602
381,381,True,,1051.25564837,-294.013996803,1035.44970127,0.582370251279,0.0709727670714,0.809819582845,0.800145919198,-0.225976025581,-0.555608984676,0.143566703717,0.971543978519,-0.188390284747
382,382,True,,1055.55022207,-297.572255242,1030.64699934,0.584289319074,0.0503820629926,0.809980024041,0.801762251765,-0.190343050586,-0.566521680731,0.125631537685,0.980423975034,-0.151609847691
383,383,True,,1060.7845294,-296.661654933,1028.40395105,0.586371925241,0.0234329915678,0.809702945651,0.799140332085,-0.180174540267,-0.573508382393,0.132448838897,0.983355495203,-0.124375540719
384,384,True,,1066.13687424,-296.832581064,1025.67180314,0.588280919123,-0.00340825408596,0.80864945681,0.797379396797,-0.163977277606,-0.580773234569,0.134579559215,0.986458228327,-0.093747031998
385,385,True,,1070.75057919,-298.562520906,1022.48991308,0.589946764191,-0.0255566063024,0.807037592244,0.797245470492,-0.139904962384,-0.587219091379,0.127915891117,0.989835067764,-0.0621615912371
386,386,True,,1074.22578482,-304.337604104,1017.68155028,0.591848132226,-0.0399877751346,0.805056995635,0.799818916563,-0.094808724681,-0.592706509524,0.100027441675,0.99469205464,-0.0241293876373
387,387,True,,1078.16624301,-314.462976326,1011.19730964,0.595278198285,-0.0543058058274,0.801682447169,0.801692106892,-0.0271127631635,-0.597121984038,0.0541630168428,0.998156188944,0.0273968990837
388,388,True,,1083.86954474,-320.243216396,1007.01474032,0.600824943787,-0.077815971087,0.795584100877,0.798701221442,0.017413327317,-0.601475797434,0.0329506569059,0.996815655312,0.0726140725612
389,389,True,,1090.72406154,-320.199358269,1005.33944467,0.606659355165,-0.108542224451,0.787516991754,0.793915173442,0.0319033612049,-0.607190969072,0.0407814194066,0.993579770856,0.105527791487
390,390,True,,1097.93640928,-320.747646302,1003.63033626,0.612319857664,-0.140287133472,0.778064208207,0.789183467055,0.0493596598606,-0.612170792594,0.0474747010218,0.988879742011,0.140936186277
391,391,True,,1104.86477326,-321.498681402,1002.16813842,0.617499319123,-0.170194620485,0.767937746201,0.78477518693,0.067363823329,-0.616108773907,0.0531271762901,0.983105236719,0.175161630145
392,392,True,,1110.68192865,-330.636213665,997.972551311,0.624605497599,-0.190313611674,0.757396000505,0.780655485239,0.125962036835,-0.612136078534,0.0210946850273,0.973608902223,0.227245945565
393,393,True,,1115.11024429,-344.114613745,993.46683593,0.633495954442,-0.201054755803,0.747167893364,0.773136013897,0.202817919542,-0.60093726422,-0.0307177427702,0.958353732544,0.283927003994
394,394,True,,1119.64222699,-350.86773086,991.567578467,0.641282804948,-0.214905839798,0.73659476247,0.765433056316,0.246179912022,-0.594565124453,-0.0535593164358,0.945098371037,0.322366978281
395,395,True,,1125.8163714,-353.579899538,990.898477928,0.649915398598,-0.236852202477,0.722157191231,0.757992675839,0.271133559589,-0.593239998854,-0.0552908495152,0.932945672077,0.355746110187
396,396,True,,1133.04084116,-354.930029065,990.775694339,0.658840384991,-0.263286076038,0.704705462778,0.750740519905,0.290062165994,-0.593508729196,-0.0481458085165,0.920078465145,0.388764194723
397,397,True,,1140.3504497,-355.596439841,991.083835005,0.667334398776,-0.289877361595,0.686029092273,0.743816612267,0.305719169754,-0.594367425554,-0.0374385833795,0.906921663916,0.419632515417
398,398,True,,1146.23257351,-366.062021731,989.681200389,0.678623415174,-0.304519498376,0.668384721165,0.731421989735,0.363224336841,-0.577139458068,-0.0670233788362,0.880531632729,0.469224797356
399,399,True,,1149.42277456,-377.892319084,988.715838284,0.688760603694,-0.307384998941,0.656599796852,0.716954172077,0.423249378978,-0.553928405424,-0.10763617394,0.852276026661,0.511898455202
400,400,True,,1152.27312197,-385.452534041,988.685968671,0.696926391971,-0.311198923351,0.64610280473,0.704773149466,0.4638209233,-0.536809983981,-0.132621310378,0.829472953878,0.542573687916
401,401,True,,1156.67571306,-391.772227419,989.355943832,0.707394403812,-0.320249396267,0.630105928909,0.69130473896,0.499228138678,-0.522368666215,-0.147278360075,0.805115885909,0.574541116814
402,402,True,,1162.22283673,-392.81742783,990.609508383,0.716859986756,-0.336146649588,0.610833192745,0.683154561273,0.513718230305,-0.519031237272,-0.139325535348,0.789366207678,0.597904160695
403,403,True,,1167.76883663,-394.187686059,992.040644082,0.726358333106,-0.35137584277,0.590710241188,0.674555901674,0.529280344918,-0.514622824989,-0.131825291364,0.77226765671,0.621469837527
404,404,True,,1171.85010216,-401.518460098,993.261917143,0.736358244104,-0.357772802194,0.574260531771,0.660053458041,0.566372159104,-0.493509888371,-0.148680761594,0.742442724661,0.653201983869
405,405,True,,1173.30142987,-409.613829958,994.384181762,0.743383335135,-0.355206750955,0.566753368864,0.645266051324,0.603944972632,-0.467848472309,-0.176104912059,0.713497466084,0.678165485586
406,406,True,,1174.22134154,-417.987969497,995.751749862,0.749809113962,-0.350640452526,0.561103881355,0.628932608851,0.641092277966,-0.439823219778,-0.205499552659,0.682679986659,0.701226047486
407,407,True,,1176.0126332,-425.249229772,997.69351108,0.757655408665,-0.348713936578,0.551685483003,0.611892807285,0.673581835046,-0.414577741671,-0.227036283693,0.651679447223,0.723718470093
408,408,True,,1179.04247817,-425.590672711,999.243294942,0.764549820349,-0.35467102851,0.538211885543,0.60508604253,0.682662821829,-0.409685675644,-0.222113604581,0.638889609579,0.736536226829
409,409,True,,1182.04193692,-426.783907941,1000.96758997,0.771607741596,-0.359864828939,0.524517681306,0.596979097109,0.694391731892,-0.401791090362,-0.219630259127,0.623151207632,0.750629816689
410,410,True,,1184.01711298,-429.575131539,1002.69353828,0.77706360582,-0.361644596071,0.515155645066,0.587467056407,0.710527700394,-0.387340734509,-0.225952672361,0.603625358236,0.764579503222
411,411,True,,1184.14385217,-434.567430892,1004.35585019,0.779817238809,-0.35762250175,0.513800759341,0.575575224324,0.732350846482,-0.363834301299,-0.246167087973,0.579455247538,0.776938466611
412,412,True,,1183.50995831,-442.864156763,1006.68467149,0.782019504004,-0.349881078477,0.515779726512,0.557349660875,0.762963021688,-0.327488599892,-0.278938794146,0.543572128112,0.79165806423
413,413,True,,1183.48026418,-448.321850296,1008.9533344,0.784558191657,-0.345146746098,0.515113742353,0.542539978214,0.784327704119,-0.30079964194,-0.300197961257,0.515464621686,0.802606633319
414,414,True,,1184.41163711,-448.350367538,1010.23005099,0.787573474017,-0.345617044951,0.510173383532,0.537418279209,0.790323886462,-0.294227374083,-0.301512215668,0.505902177033,0.808179046422
415,415,True,,1185.49690067,-448.587999473,1011.62274769,0.790835570714,-0.346386235555,0.504574747597,0.5318861924,0.796834433874,-0.286621637925,-0.302780743159,0.495046927888,0.814403070206
416,416,True,,1186.28067522,-448.780128114,1012.92097019,0.793120927314,-0.346864339051,0.500643910331,0.526987973714,0.802924752928,-0.278559718367,-0.30535695541,0.484764862001,0.819609759795
417,417,True,,1186.14560529,-452.041983069,1014.76717893,0.79346415072,-0.344485137483,0.50174159841,0.516993695113,0.816500080395,-0.256992486131,-0.321141963523,0.463311567704,0.825960186993
418,418,True,,1184.97795638,-457.601626202,1017.12139349,0.791131293826,-0.339746944156,0.508609172023,0.502793521554,0.834750309427,-0.224478496954,-0.348295780355,0.433317360428,0.831219654808
419,419,True,,1183.62871764,-460.320852271,1018.70451826,0.787647628536,-0.336266694463,0.516271172404,0.494142868984,0.845268358757,-0.203332797937,-0.368013638733,0.415266314405,0.831937407397
420,420,True,,1182.89610521,-460.476106327,1019.67026262,0.785621779171,-0.334710522423,0.520353040032,0.4902639771,0.849808004507,-0.1935654624,-0.377411781546,0.407179593859,0.831724188355
421,421,True,,1182.63962107,-460.040682543,1020.58992569,0.784831070525,-0.334128256387,0.521918096086,0.487248599016,0.853106037967,-0.186544607915,-0.382921654514,0.400709865449,0.832347649865
422,422,True,,1182.49557213,-459.104343745,1021.37576099,0.784298102965,-0.333933937094,0.522842817052,0.485288391342,0.855262535285,-0.181717288573,-0.386486303656,0.396250074316,0.832835047108
423,423,True,,1181.95948444,-461.00345484,1022.98255445,0.78173282869,-0.333296117288,0.527074456552,0.477821991817,0.863236553291,-0.162815224099,-0.400724255174,0.379125772354,0.83407656726
424,424,True,,1180.45024341,-463.793560832,1024.69133559,0.775432824105,-0.331985115269,0.537112482206,0.469258737247,0.872147020004,-0.138404526714,-0.422492808008,0.359368138179,0.832078342732
425,425,True,,1178.635401,-464.864233789,1025.73627976,0.768068739509,-0.330861300568,0.548271111017,0.464688102423,0.877071622491,-0.121697725893,-0.44060796504,0.34824728112,0.827398605472
426,426,True,,1177.31429718,-465.128511984,1026.66720297,0.762396412767,-0.33034671597,0.556437558984,0.461267832756,0.880508024136,-0.109259351527,-0.45385426765,0.339965684562,0.823674472748
427,427,True,,1176.33984273,-464.192351346,1027.250392,0.758379917389,-0.329992045676,0.562107774978,0.460153763522,0.881828164791,-0.103138749743,-0.461647500607,0.336874364671,0.820607852516
428,428,True,,1175.45377755,-462.884263679,1027.72390539,0.754811492777,-0.329652271208,0.567088168153,0.459784115696,0.882496752405,-0.0989850945786,-0.467822805479,0.335453218917,0.817687569058
429,429,True,,1174.44893273,-463.335905525,1028.79929053,0.749327890466,-0.330291199989,0.573947241286,0.455703682814,0.886059099061,-0.0850495528503,-0.480460056653,0.325279873618,0.814463711764
430,430,True,,1172.74860849,-463.860536831,1029.74833431,0.740776210228,-0.330782034519,0.584665589889,0.452206622451,0.889170723476,-0.0698898785551,-0.496749209332,0.316162411036,0.808258345379
431,431,True,,1170.92579113,-464.328708352,1030.64847184,0.731120447041,-0.331789106999,0.596136628966,0.449072404205,0.891838396509,-0.0543897995455,-0.513611592256,0.307474003762,0.801038619113
432,432,True,,1169.49986161,-464.657730306,1031.64655617,0.722815126329,-0.333207107064,0.605401781424,0.445673017916,0.894306600348,-0.0398906715459,-0.528122953726,0.298644819772,0.794919755303
433,433,True,,1168.12586021,-463.229093599,1031.98220223,0.716531880401,-0.33310679623,0.61288002633,0.446140315194,0.894256491932,-0.0355548280201,-0.536228387469,0.298906655902,0.789375656788
434,434,True,,1166.81657486,-461.84793991,1032.36173201,0.710369314215,-0.333117100601,0.620006802147,0.446410327213,0.894291678354,-0.030987316509,-0.544144518653,0.298789878199,0.78398428014
435,435,True,,1165.41869879,-461.083254266,1032.94560128,0.702900948278,-0.333859519465,0.628066937653,0.445344875454,0.89507342989,-0.022616299676,-0.554615361144,0.295603410615,0.777830588763
436,436,True,,1163.58347272,-460.529640501,1033.52358364,0.692902068546,-0.334882157907,0.63854574129,0.444346058638,0.895769550834,-0.0123891876474,-0.567840913969,0.292319777151,0.769484141688
437,437,True,,1161.83189371,-460.702541641,1034.39151372,0.681539480885,-0.33755275696,0.649278116267,0.441742005102,0.897138002884,0.00272115963842,-0.583410607482,0.284958839222,0.760546200455
438,438,True,,1160.30802004,-460.621924694,1035.2513909,0.671266224073,-0.340168284246,0.658549310844,0.439335504219,0.898178279705,0.0161273866072,-0.596980712546,0.278498323621,0.75236474704
439,439,True,,1158.67348689,-459.059919475,1035.54595908,0.662942352439,-0.340314571359,0.666853379584,0.440399734906,0.89757360576,0.0202409420839,-0.605438279956,0.28026347383,0.744914004701
440,440,True,,1157.09487666,-457.576159333,1035.89302908,0.654659612166,-0.340594867967,0.674845114166,0.441175402121,0.897078792041,0.0247771151187,-0.613828198083,0.281504488037,0.737543331915
441,441,True,,1155.43652461,-456.185206254,1036.26615478,0.645762259095,-0.340961979186,0.683180820484,0.441750909885,0.896638064416,0.0299385212805,-0.622773825995,0.282462581929,0.72963528661
442,442,True,,1153.66217756,-455.197658153,1036.76972432,0.635274125843,-0.342191105281,0.692338091181,0.441520808656,0.896448351567,0.0379437543937,-0.633629355821,0.281576988478,0.720574936424
443,443,True,,1151.92995948,-454.867053919,1037.51505009,0.62326105039,-0.345068096287,0.7017646842,0.439687858593,0.896733437151,0.0504354012693,-0.646699505236,0.27712299006,0.710621276284
444,444,True,,1150.10238946,-454.160317582,1038.14140539,0.611229512222,-0.347315715729,0.711175278674,0.43884679805,0.896512350374,0.0606555312188,-0.65864403985,0.275022543138,0.70039319638
445,445,True,,1148.20392971,-452.667931118,1038.50535372,0.60037639303,-0.347877170642,0.720090036619,0.440020397848,0.895574783768,0.0657864435657,-0.667780080693,0.277357676701,0.690755009396
446,446,True,,1146.39681522,-451.118030882,1038.881016,0.590074847877,-0.348245479002,0.728379544096,0.441155339947,0.894668260814,0.0703609915208,-0.676160957124,0.279810274018,0.681551590574
447,447,True,,1144.56331296,-449.438456632,1039.22783649,0.579929573709,-0.348158563871,0.736523797267,0.442557871735,0.893682779435,0.0739839165407,-0.683976768394,0.28304894302,0.672353386362
448,448,True,,1142.77164648,-448.271616069,1039.75022314,0.568724038483,-0.349265247272,0.744692389581,0.442493061936,0.893111631668,0.0809413585181,-0.693363438746,0.283487919369,0.662481502671
449,449,True,,1140.87920761,-447.522625805,1040.40657922,0.555780420787,-0.351405650148,0.753407056586,0.441357125568,0.892725500804,0.090802356376,-0.704494152978,0.282055401043,0.651254742142
450,450,True,,1138.79958996,-446.449218369,1040.96895891,0.542211991587,-0.352926657307,0.762527986857,0.441390893041,0.891845866116,0.0989193137527,-0.714968695622,0.282937670971,0.639348135702
451,451,True,,1136.76740571,-445.032153253,1041.45480974,0.529488037696,-0.353720493355,0.771053973803,0.442367721651,0.890686552775,0.104824918542,-0.723846127833,0.285585849241,0.628082403777
452,452,True,,1134.80011794,-443.427648673,1041.91246819,0.517629981304,-0.353831644815,0.779013715914,0.443661377793,0.889513939547,0.109222402488,-0.731589901727,0.289081508365,0.617420518943
453,453,True,,1132.82121511,-441.67900673,1042.35087003,0.506085794609,-0.353362540492,0.786773209681,0.445283780937,0.888289965928,0.112531288385,-0.73864708957,0.293386863046,0.606897541322
454,454,True,,1130.87393501,-440.330123884,1042.91384862,0.493765806707,-0.353732145145,0.794398450161,0.445518303069,0.887430212545,0.118241530321,-0.746799015637,0.295535424871,0.59577683984
455,455,True,,1128.77667043,-439.13027045,1043.53535699,0.480085371667,-0.35435107185,0.802467042183,0.445393817057,0.886562702577,0.125023686265,-0.755739626882,0.297391816092,0.583451561042
456,456,True,,1126.61620742,-437.888463904,1044.16535085,0.465729602414,-0.355142397754,0.81053674485,0.445611161869,0.88545314572,0.131922019206,-0.764543412667,0.299744231056,0.570637158005
457,457,True,,1124.56530593,-436.580362309,1044.8061427,0.451936475353,-0.355913489824,0.817972499542,0.445946479541,0.884297322699,0.138383461629,-0.772583432148,0.302231422636,0.558364582993
458,458,True,,1122.49980104,-434.938398527,1045.3895647,0.4389855405,-0.355471546804,0.825185842489,0.4472197496,0.883005197233,0.142465143902,-0.77928569267,0.306499267653,0.546600409923
459,459,True,,1120.4310831,-433.195722375,1045.97551624,0.426234164979,-0.354598054831,0.83221671223,0.448771536982,0.881668751004,0.145822910061,-0.785447989494,0.311320466744,0.534930857949
460,460,True,,1118.34823779,-431.677214927,1046.63266773,0.413018184505,-0.353880928279,0.839156879176,0.449325331733,0.880646593481,0.150227572879,-0.792163319986,0.315007723699,0.522730722723
461,461,True,,1116.11818706,-430.185870149,1047.33275701,0.398727796144,-0.353031689853,0.846395162169,0.449905043359,0.879538649504,0.154910348231,-0.799125519892,0.319030390385,0.50952724507
462,462,True,,1113.92302208,-428.9607195,1048.1057133,0.383675945147,-0.353141629738,0.853278242112,0.449584092135,0.878528513414,0.16143666008,-0.806639270811,0.321680960681,0.495837116723
463,463,True,,1111.84700077,-427.72707634,1048.8996361,0.369185938266,-0.353342175929,0.859564453486,0.449158011019,0.877549646982,0.167820434452,-0.813608520189,0.324123315717,0.482685458745
464,464,True,,1109.72994229,-426.036159284,1049.63510004,0.355498821989,-0.352143400204,0.865803449553,0.450430441806,0.87619966566,0.171425094402,-0.818982908649,0.32904281118,0.470104056302
465,465,True,,1107.62943541,-424.343967904,1050.39731533,0.341851211348,-0.350821743316,0.871815263526,0.451651231402,0.874872864917,0.174953237767,-0.824104917152,0.333948461067,0.457525421018
466,466,True,,1105.4953887,-422.719464491,1051.20080749,0.328018256411,-0.349152146029,0.877779472524,0.452397429776,0.873770070046,0.178500504827,-0.82930126552,0.338553752919,0.444568068345
467,467,True,,1103.29421373,-421.164057861,1052.05495982,0.313528177929,-0.34744194823,0.88373308994,0.45288325974,0.872705368301,0.182433804943,-0.834623768348,0.343029784056,0.430968366077
468,468,True,,1101.10592141,-419.85753238,1052.96937092,0.298570391936,-0.346117110876,0.889414788846,0.452184858106,0.87198508193,0.187538985256,-0.840466879276,0.34618631176,0.416857844343
469,469,True,,1098.94865161,-418.518879203,1053.90760412,0.283690040651,-0.344767118984,0.894793604415,0.451607907285,0.871203192771,0.192497519423,-0.84591386022,0.349486238032,0.402851226278
470,470,True,,1096.8137144,-416.898476763,1054.83211033,0.269194446561,-0.343053870483,0.899915769329,0.452412130666,0.869937735852,0.196294675849,-0.850210335133,0.354291373995,0.389384139824
471,471,True,,1094.72906342,-415.277428698,1055.77713084,0.254986708228,-0.341214289717,0.904740066052,0.453103549852,0.868746956122,0.19993973927,-0.854212474586,0.358958959661,0.376124332556
472,472,True,,1092.63544315,-413.613387555,1056.74794932,0.240850737115,-0.338938897298,0.909456621467,0.453864120332,0.8676055456,0.203145212891,-0.857903422715,0.363842055215,0.362795639651
473,473,True,,1090.51659134,-412.060643015,1057.76542466,0.226435934914,-0.336441580461,0.914075396407,0.453933536568,0.86675854709,0.206576778526,-0.861783680374,0.368153071404,0.348987398422
474,474,True,,1088.3580828,-410.698610591,1058.83921352,0.211622238864,-0.333645167716,0.918638628666,0.452802464446,0.866436377096,0.210375694024,-0.866132758998,0.371441659624,0.334432560147
475,475,True,,1086.18459127,-409.300154079,1059.94811749,0.196478227765,-0.330941429607,0.922970246641,0.451985309272,0.865909820455,0.214264936568,-0.870118144976,0.375070597367,0.319713091339
476,476,True,,1084.08476352,-407.771610577,1061.0579199,0.181621615177,-0.328539727817,0.926863116186,0.452009574668,0.864958297304,0.218024054484,-0.873327506328,0.379353122,0.305598225649
477,477,True,,1082.06796306,-406.191352765,1062.17134152,0.167320868357,-0.326062116802,0.930423141908,0.4521943322,0.863988083638,0.221460780404,-0.876084478197,0.383677061235,0.292006677568
478,478,True,,1080.079299,-404.526301247,1063.30124165,0.153233606584,-0.323403512844,0.933771722475,0.45279971062,0.862874589368,0.224543681908,-0.87834610711,0.388403927508,0.278658402388
479,479,True,,1078.06448178,-402.987827456,1064.47377277,0.139068638032,-0.320063780027,0.937133443342,0.452340654955,0.862366685161,0.227401917758,-0.880935778471,0.392279080553,0.264706020274
480,480,True,,1075.96469622,-401.564693334,1065.71180844,0.124328186013,-0.31606851327,0.940554728382,0.451000344836,0.862335041508,0.23016725472,-0.883821922743,0.395574229578,0.249759559922
481,481,True,,1073.83386592,-400.162973358,1066.9958378,0.10904873586,-0.312243414987,0.94372264093,0.449697986099,0.862173725909,0.233298494746,-0.886498784267,0.398949265132,0.234434189794
482,482,True,,1071.81368101,-398.732951262,1068.27075684,0.0942935062854,-0.308837613598,0.946429111503,0.448603075323,0.861859151842,0.236546154476,-0.888742941172,0.402266243692,0.219813224587
483,483,True,,1069.9059678,-397.178759133,1069.53200113,0.0802353304635,-0.305705850895,0.948739281612,0.448273724878,0.861190860716,0.239584993275,-0.890288132758,0.406071710597,0.206137833799
484,484,True,,1068.04651498,-395.535158116,1070.80404799,0.0664117570204,-0.302718243687,0.950763452952,0.448558738963,0.860210674514,0.242554433379,-0.891282523238,0.410364789415,0.192915015952
485,485,True,,1066.15919719,-393.967054441,1072.11572908,0.0525513325613,-0.298822650857,0.952860630303,0.447962336393,0.859843609653,0.244946345375,-0.892506640098,0.413973417352,0.179047220327
486,486,True,,1064.16328024,-392.443439887,1073.5105436,0.0378215856732,-0.294400927043,0.954933307521,0.447064400823,0.859633252165,0.247313754749,-0.893701823414,0.41756288859,0.164128866745
487,487,True,,1062.11943936,-391.036902742,1074.95670471,0.0225216956236,-0.289719794598,0.956846494399,0.445362145144,0.85978401918,0.249847953835,-0.895067222559,0.420516207751,0.148394023195
488,488,True,,1060.15458248,-389.646954606,1076.40025289,0.0076327061406,-0.285205072141,0.958436126522,0.443483743588,0.860013814009,0.252385437151,-0.896249915464,0.423124457504,0.133048045803
489,489,True,,1058.27656362,-388.191802606,1077.83562164,-0.00681491072867,-0.281084349389,0.959658869349,0.442103967437,0.859947493506,0.255018411863,-0.896937923698,0.426006921236,0.11840804065
490,490,True,,1056.51421619,-386.694859088,1079.24434981,-0.0205089749344,-0.277273744228,0.960572044518,0.440951716468,0.859772029896,0.257592003665,-0.897296475916,0.428848839768,0.104631290438
491,491,True,,1054.82024259,-385.285761437,1080.63029082,-0.0335381645726,-0.27254133551,0.961559364759,0.438530490881,0.86052666928,0.259200424431,-0.898090307311,0.43036620673,0.0906572005932
492,492,True,,1053.28444593,-383.856548975,1081.95286749,-0.0453806564907,-0.268025103282,0.962342527392,0.435998297543,0.861426858901,0.260478888403,-0.898802581525,0.431400406554,0.0777663723541
493,493,True,,1051.81340015,-382.356532364,1083.26433346,-0.0567781460198,-0.263484610403,0.962991226448,0.433827916718,0.862215935378,0.26148999877,-0.899204971522,0.43261939492,0.0653519573389
494,494,True,,1050.2986898,-380.851796845,1084.62957654,-0.0686603862623,-0.258946740822,0.963448149501,0.431817966789,0.862861257596,0.262685541471,-0.899343646732,0.434070311767,0.052573467891
495,495,True,,1048.7598954,-379.293499426,1086.04244207,-0.0809154840609,-0.254513735463,0.963678080533,0.430356416613,0.863159306151,0.264101054303,-0.899025049217,0.436094910157,0.039688666094
